BusinessEntityID,NationalIDNumber,OrganizationLevel,JobTitle,BirthDate,Gender,HireDate
1,295847284,NULL,Chief Executive Officer,29/01/1969,M,14/01/2009
2,245797967,1,Vice President of Engineering,01/08/1971,F,31/01/2008
3,509647174,2,Engineering Manager,12/11/1974,M,11/11/2007
4,112457891,3,Senior Tool Designer,23/12/1974,M,05/12/2007
5,695256908,3,Design Engineer,27/09/1952,F,06/01/2008
6,998320692,3,Design Engineer,11/03/1959,M,24/01/2008
7,134969118,3,Research and Development Manager,24/02/1987,M,08/02/2009
8,811994146,4,Research and Development Engineer,05/06/1986,F,29/12/2008
9,658797903,4,Research and Development Engineer,21/01/1979,F,16/01/2009
10,879342154,4,Research and Development Manager,30/11/1984,M,03/05/2009
11,974026903,3,Senior Tool Designer,17/01/1978,M,05/12/2010
12,480168528,4,Tool Designer,29/07/1959,M,11/12/2007
13,486228782,4,Tool Designer,28/05/1989,F,23/12/2010
14,42487730,3,Senior Design Engineer,16/06/1979,M,30/12/2010
15,56920285,3,Design Engineer,02/05/1961,F,18/01/2011
16,24756624,1,Marketing Manager,19/03/1975,M,20/12/2007
17,253022876,2,Marketing Assistant,03/05/1987,M,26/01/2007
18,222969461,2,Marketing Specialist,06/03/1978,M,07/02/2011
19,52541318,2,Marketing Assistant,29/01/1978,F,14/02/2011
20,323403273,2,Marketing Assistant,17/03/1975,F,07/01/2011
21,243322160,2,Marketing Specialist,04/02/1986,M,02/03/2009
22,95958330,2,Marketing Specialist,21/05/1987,M,12/12/2008
23,767955365,2,Marketing Specialist,13/09/1962,F,12/01/2009
24,72636981,2,Marketing Specialist,18/06/1979,F,18/01/2009
25,519899904,1,Vice President of Production,07/01/1983,M,03/02/2009
26,277173473,2,Production Control Manager,03/11/1982,M,01/12/2008
27,446466105,3,Production Supervisor - WC60,08/10/1956,F,27/02/2008
28,14417807,4,Production Technician - WC60,13/03/1988,M,30/06/2006
29,948320468,4,Production Technician - WC60,25/09/1979,M,23/01/2009
30,410742000,4,Production Technician - WC60,28/09/1989,F,29/01/2009
31,750246141,4,Production Technician - WC60,20/05/1986,F,04/01/2009
32,330211482,4,Production Technician - WC60,10/07/1977,F,29/12/2008
33,801758002,4,Production Technician - WC60,26/12/1976,M,17/12/2008
34,754372876,4,Production Technician - WC60,10/06/1987,F,16/02/2009
35,999440576,4,Production Technician - WC60,10/01/1977,M,08/02/2009
36,788456780,4,Production Technician - WC60,31/07/1984,M,10/02/2009
37,442121106,4,Production Technician - WC60,07/08/1986,M,07/03/2009
38,6298838,4,Production Technician - WC60,14/12/1966,F,16/01/2010
39,461786517,4,Production Technician - WC60,11/09/1971,M,05/02/2010
40,309738752,3,Production Supervisor - WC60,16/01/1956,F,26/12/2007
41,458159238,4,Production Technician - WC60,27/08/1973,M,21/01/2009
42,339712426,4,Production Technician - WC60,25/07/1984,M,27/12/2008
43,693325305,4,Production Technician - WC60,19/11/1988,F,02/01/2009
44,276751903,4,Production Technician - WC60,17/05/1990,M,08/12/2008
45,500412746,4,Production Technician - WC60,10/01/1986,M,26/02/2009
46,66073987,4,Production Technician - WC60,10/02/1976,M,08/02/2009
47,33237992,3,Production Supervisor - WC10,06/09/1988,M,22/02/2009
48,690627818,4,Production Technician - WC10,04/06/1956,F,06/01/2008
49,912265825,4,Production Technician - WC10,26/03/1956,M,07/01/2008
50,844973625,4,Production Technician - WC10,30/08/1956,M,02/02/2008
51,132674823,4,Production Technician - WC10,11/07/1956,M,20/02/2008
52,565090917,4,Production Technician - WC10,04/04/1956,F,10/03/2008
53,9659517,4,Production Technician - WC10,29/03/1956,F,28/03/2008
54,109272464,4,Production Technician - WC10,10/09/1986,F,01/01/2010
55,233069302,3,Production Supervisor - WC50,01/04/1956,M,08/02/2008
56,652535724,4,Production Technician - WC50,06/07/1988,F,05/02/2009
57,10708100,4,Production Technician - WC50,24/07/1971,M,23/02/2009
58,571658797,4,Production Technician - WC50,30/05/1986,M,05/12/2008
59,843479922,4,Production Technician - WC50,16/08/1979,M,24/12/2008
60,827686041,4,Production Technician - WC50,03/02/1977,M,11/01/2009
61,92096924,4,Production Technician - WC50,09/08/1989,F,18/01/2009
62,494170342,3,Production Supervisor - WC60,07/08/1956,M,17/03/2008
63,414476027,4,Production Technician - WC60,30/01/1955,M,29/01/2010
64,582347317,4,Production Technician - WC60,05/09/1973,M,23/02/2010
65,8066363,4,Production Technician - WC60,28/04/1970,M,23/02/2010
66,834186596,4,Production Technician - WC60,07/03/1970,M,22/12/2009
67,63179277,4,Production Technician - WC60,11/02/1976,M,05/03/2009
68,537092325,4,Production Technician - WC60,02/09/1971,M,03/12/2009
69,752513276,4,Production Technician - WC60,06/04/1991,M,15/02/2009
70,36151748,4,Production Technician - WC60,29/12/1984,M,15/12/2008
71,578935259,3,Production Supervisor - WC30,29/01/1989,M,15/02/2009
72,443968955,4,Production Technician - WC30,14/05/1977,M,01/12/2008
73,138280935,4,Production Technician - WC30,19/10/1983,F,19/12/2008
74,420023788,4,Production Technician - WC30,06/11/1989,M,07/01/2009
75,363996959,4,Production Technician - WC30,27/06/1982,M,26/01/2009
76,227319668,4,Production Technician - WC30,17/10/1988,F,12/02/2009
77,301435199,4,Production Technician - WC30,13/05/1983,F,03/03/2009
78,370989364,3,Production Supervisor - WC40,27/08/1987,M,15/12/2008
79,697712387,4,Production Technician - WC40,08/12/1966,M,24/01/2010
80,943170460,4,Production Technician - WC40,03/12/1970,M,17/01/2010
81,413787783,4,Production Technician - WC40,09/03/1971,M,29/12/2009
82,58791499,4,Production Technician - WC40,29/08/1973,M,03/03/2010
83,988315686,4,Production Technician - WC40,23/12/1973,M,12/02/2010
84,947029962,4,Production Technician - WC40,02/03/1952,M,05/02/2010
85,1662732,4,Production Technician - WC40,23/12/1970,M,11/12/2009
86,769680433,4,Production Technician - WC40,13/06/1972,M,05/01/2009
87,7201901,3,Production Supervisor - WC10,11/04/1984,M,22/12/2008
88,294148271,4,Production Technician - WC10,17/12/1966,F,18/12/2009
89,90888098,4,Production Technician - WC10,10/09/1986,M,01/02/2010
90,82638150,4,Production Technician - WC10,07/09/1986,F,20/02/2010
91,390124815,4,Production Technician - WC10,13/09/1986,F,12/01/2010
92,826454897,4,Production Technician - WC10,01/10/1986,M,10/03/2010
93,778552911,3,Production Supervisor - WC50,28/04/1980,M,27/12/2008
94,718299860,4,Production Technician - WC50,25/11/1972,M,12/12/2008
95,674171828,4,Production Technician - WC50,08/09/1986,M,19/12/2008
96,912141525,4,Production Technician - WC50,25/01/1990,F,02/03/2009
97,370581729,4,Production Technician - WC50,21/03/1986,M,10/02/2009
98,152085091,4,Production Technician - WC50,26/06/1978,M,11/02/2009
99,431859843,4,Production Technician - WC50,29/03/1979,M,06/01/2009
100,204035155,4,Production Technician - WC50,24/01/1973,M,12/01/2009
101,153288994,4,Production Technician - WC50,30/08/1971,M,25/01/2009
102,360868122,3,Production Supervisor - WC10,26/10/1983,M,03/12/2008
103,455563743,4,Production Technician - WC10,22/09/1986,M,06/12/2009
104,717889520,4,Production Technician - WC10,19/09/1986,F,25/12/2009
105,801365500,4,Production Technician - WC10,19/09/1986,M,25/12/2009
106,561196580,4,Production Technician - WC10,28/09/1986,M,27/02/2010
107,393421437,4,Production Technician - WC10,01/10/1986,M,08/02/2010
108,630184120,3,Production Supervisor - WC50,05/02/1989,M,08/12/2008
109,113695504,4,Production Technician - WC50,26/01/1978,F,07/12/2008
110,857651804,4,Production Technician - WC50,06/07/1979,M,14/12/2008
111,415823523,4,Production Technician - WC50,25/02/1978,M,17/12/2008
112,981597097,4,Production Technician - WC50,31/05/1978,M,01/01/2009
113,54759846,4,Production Technician - WC50,17/07/1987,F,25/12/2008
114,342607223,4,Production Technician - WC50,07/05/1978,M,13/01/2009
115,563680513,4,Production Technician - WC50,31/05/1991,F,20/01/2009
116,398737566,4,Production Technician - WC50,03/05/1974,M,31/01/2009
117,599942664,4,Production Technician - WC50,04/08/1990,M,18/02/2009
118,222400012,4,Production Technician - WC50,13/06/1971,M,13/02/2009
119,334834274,4,Production Technician - WC50,15/06/1989,M,25/02/2009
120,211789056,4,Production Technician - WC50,06/06/1987,F,04/03/2009
121,521265716,3,Shipping and Receiving Supervisor,09/09/1972,M,02/01/2009
122,586486572,4,Stocker,17/02/1978,F,07/12/2008
123,337752649,4,Shipping and Receiving Clerk,18/03/1977,M,07/12/2008
124,420776180,4,Stocker,30/04/1984,F,26/12/2008
125,584205124,4,Shipping and Receiving Clerk,11/11/1973,M,20/01/2009
126,652779496,4,Stocker,04/05/1985,M,26/02/2009
127,750905084,3,Production Supervisor - WC40,02/07/1983,M,03/01/2009
128,384162788,4,Production Technician - WC40,13/11/1980,M,04/12/2008
129,502058701,4,Production Technician - WC40,16/05/1988,M,22/12/2008
130,578953538,4,Production Technician - WC40,04/08/1973,M,13/02/2009
131,273260055,4,Production Technician - WC40,07/10/1990,M,15/02/2009
132,1300049,4,Production Technician - WC40,09/04/1986,F,22/02/2009
133,830150469,4,Production Technician - WC40,04/01/1991,M,10/01/2009
134,45615666,3,Production Supervisor - WC20,19/01/1985,M,14/01/2009
135,964089218,4,Production Technician - WC20,03/01/1982,M,04/12/2008
136,701156975,4,Production Technician - WC20,12/11/1970,M,11/12/2009
137,63761469,4,Production Technician - WC20,05/09/1974,F,23/02/2009
138,25011600,4,Production Technician - WC20,22/11/1987,F,04/02/2009
139,113393530,4,Production Technician - WC20,23/10/1971,M,06/01/2010
140,339233463,4,Production Technician - WC20,30/04/1953,M,22/01/2010
141,872923042,4,Production Technician - WC20,10/09/1974,M,24/01/2010
142,163347032,4,Production Technician - WC20,04/04/1970,F,04/03/2010
143,56772045,4,Production Technician - WC20,05/09/1971,M,13/02/2010
144,886023130,4,Production Technician - WC20,04/11/1990,M,17/01/2009
145,386315192,3,Production Supervisor - WC30,18/08/1981,F,27/01/2009
146,160739235,4,Production Technician - WC30,25/06/1989,M,07/12/2008
147,604664374,4,Production Technician - WC30,05/11/1975,F,26/12/2008
148,733022683,4,Production Technician - WC30,07/12/1988,M,14/01/2009
149,764853868,4,Production Technician - WC30,20/10/1983,M,31/01/2009
150,878395493,4,Production Technician - WC30,18/09/1982,M,26/02/2009
151,993310268,4,Production Technician - WC30,13/09/1977,M,19/02/2009
152,319472946,3,Production Supervisor - WC20,06/04/1977,M,01/02/2009
153,568596888,4,Production Technician - WC20,16/10/1974,M,16/12/2008
154,97728960,4,Production Technician - WC20,02/03/1967,M,23/12/2008
155,212801092,4,Production Technician - WC20,15/02/1989,M,04/01/2009
156,322160340,4,Production Technician - WC20,23/09/1974,M,11/01/2009
157,812797414,4,Production Technician - WC20,05/10/1977,F,03/02/2009
158,300946911,4,Production Technician - WC20,08/12/1986,F,07/03/2009
159,404159499,4,Production Technician - WC20,08/12/1984,M,16/02/2009
160,712885347,3,Production Supervisor - WC45,15/01/1977,M,21/01/2009
161,275962311,4,Production Technician - WC45,06/02/1985,M,15/12/2008
162,514829225,4,Production Technician - WC45,25/12/1980,F,03/01/2009
163,377784364,4,Production Technician - WC45,13/04/1990,M,08/02/2009
164,65848458,4,Production Technician - WC45,24/09/1988,M,06/03/2009
165,539490372,4,Production Technician - WC45,16/12/1988,M,22/01/2009
166,60114406,3,Production Supervisor - WC30,22/06/1983,M,21/02/2009
167,498138869,4,Production Technician - WC30,02/11/1979,M,02/12/2008
168,271438431,4,Production Technician - WC30,25/08/1984,M,07/12/2008
169,351069889,4,Production Technician - WC30,02/04/1983,F,14/12/2008
170,476115505,4,Production Technician - WC30,16/04/1977,M,21/12/2008
171,746373306,4,Production Technician - WC30,03/08/1981,M,02/01/2009
172,364818297,4,Production Technician - WC30,24/10/1986,M,16/01/2009
173,87268837,4,Production Technician - WC30,15/07/1987,M,21/01/2009
174,585408256,4,Production Technician - WC30,05/01/1986,M,27/01/2009
175,259388196,4,Production Technician - WC30,08/01/1989,M,02/02/2009
176,860123571,4,Production Technician - WC30,23/09/1985,M,14/02/2009
177,551346974,4,Production Technician - WC30,11/02/1982,M,21/02/2009
178,568626529,4,Production Technician - WC30,24/03/1982,M,03/03/2009
179,587567941,4,Production Technician - WC30,15/11/1974,M,05/03/2009
180,862951447,3,Production Supervisor - WC20,18/11/1984,F,20/02/2009
181,545337468,4,Production Technician - WC20,17/11/1984,M,09/12/2008
182,368920189,4,Production Technician - WC20,01/12/1986,M,28/12/2008
183,969985265,4,Production Technician - WC20,02/07/1979,F,22/01/2009
184,305522471,4,Production Technician - WC20,05/04/1986,M,09/02/2009
185,621932914,4,Production Technician - WC20,21/12/1975,M,28/02/2009
186,551834634,3,Production Supervisor - WC45,24/05/1990,M,08/02/2009
187,713403643,4,Production Technician - WC45,15/04/1989,F,09/12/2008
188,435234965,4,Production Technician - WC45,24/11/1985,M,27/12/2008
189,187369436,4,Production Technician - WC45,24/07/1972,F,15/01/2009
190,456839592,4,Production Technician - WC45,28/02/1985,M,02/02/2009
191,399658727,4,Production Technician - WC45,14/03/1988,M,26/02/2009
192,634335025,3,Production Supervisor - WC40,28/02/1983,F,05/03/2009
193,761597760,4,Production Technician - WC40,05/12/1988,M,06/12/2008
194,295971920,4,Production Technician - WC40,25/06/1989,M,12/12/2008
195,918737118,4,Production Technician - WC40,25/12/1985,M,17/12/2008
196,370487086,4,Production Technician - WC40,04/10/1980,M,24/12/2008
197,632092621,4,Production Technician - WC40,04/10/1977,M,31/12/2008
198,19312190,4,Production Technician - WC40,26/11/1988,F,04/01/2009
199,992874797,4,Production Technician - WC40,10/02/1987,F,12/01/2009
200,749211824,4,Production Technician - WC40,06/09/1987,M,17/01/2009
201,746201340,4,Production Technician - WC40,10/02/1977,M,29/01/2009
202,436757988,4,Production Technician - WC40,10/11/1989,M,05/02/2009
203,693168613,4,Production Technician - WC40,28/05/1981,M,24/02/2009
204,440379437,4,Production Technician - WC40,10/05/1988,M,08/03/2009
205,332349500,3,Production Supervisor - WC45,18/07/1980,F,26/02/2009
206,835460180,4,Production Technician - WC45,13/09/1962,M,02/12/2008
207,687685941,4,Production Technician - WC45,18/10/1970,M,02/12/2008
208,199546871,4,Production Technician - WC45,10/02/1987,M,08/01/2009
209,167554340,4,Production Technician - WC45,01/11/1990,F,27/01/2009
210,20244403,4,Production Technician - WC45,17/09/1969,F,20/02/2009
211,398223854,2,Quality Assurance Manager,26/10/1977,M,28/02/2009
212,885055826,3,Quality Assurance Supervisor,18/03/1976,M,09/12/2008
213,343861179,4,Quality Assurance Technician,05/12/1966,M,23/02/2010
214,131471224,4,Quality Assurance Technician,28/03/1989,M,02/02/2009
215,381772114,4,Quality Assurance Technician,30/04/1986,M,15/01/2009
216,403414852,4,Quality Assurance Technician,06/03/1976,M,28/12/2008
217,345106466,3,Document Control Manager,30/01/1976,M,04/01/2009
218,540688287,4,Control Specialist,28/04/1990,M,16/12/2008
219,242381745,4,Document Control Assistant,12/03/1987,M,22/01/2009
220,260770918,4,Document Control Assistant,25/12/1975,F,09/02/2009
221,260805477,4,Control Specialist,26/05/1987,M,06/03/2009
222,685233686,2,Master Scheduler,17/09/1968,M,12/12/2008
223,981495526,3,Scheduling Assistant,22/12/1987,M,26/01/2009
224,621209647,3,Scheduling Assistant,06/11/1981,M,07/01/2009
225,470689086,3,Scheduling Assistant,29/03/1984,M,13/02/2009
226,368691270,3,Scheduling Assistant,11/08/1984,M,03/03/2009
227,141165819,2,Facilities Manager,18/02/1971,M,02/12/2009
228,553069203,3,Maintenance Supervisor,18/01/1976,M,14/12/2008
229,879334904,4,Janitor,31/07/1970,F,16/02/2010
230,28414965,4,Janitor,17/12/1971,M,05/03/2010
231,153479919,4,Janitor,24/04/1954,F,07/03/2010
232,646304055,4,Janitor,03/12/1970,M,27/01/2010
233,552560652,3,Facilities Administrative Assistant,27/08/1971,M,21/12/2009
234,184188301,1,Chief Financial Officer,06/01/1976,F,31/01/2009
235,535145551,2,Human Resources Manager,11/02/1976,F,06/12/2008
236,476980013,3,Human Resources Administrative Assistant,16/04/1976,M,25/02/2009
237,416679555,3,Human Resources Administrative Assistant,17/04/1977,M,06/02/2009
238,264306399,3,Recruiter,01/08/1984,M,01/01/2009
239,619308550,3,Benefits Specialist,20/11/1984,F,25/12/2008
240,332040978,3,Recruiter,18/07/1978,M,13/12/2008
241,30845,2,Accounts Manager,08/07/1983,M,30/01/2009
242,363923697,3,Accounts Receivable Specialist,06/03/1976,F,18/12/2008
243,60517918,3,Accounts Receivable Specialist,23/02/1976,F,06/01/2009
244,931190412,3,Accounts Receivable Specialist,20/09/1984,M,24/01/2009
245,363910111,3,Accountant,04/01/1976,F,18/02/2009
246,663843431,3,Accounts Payable Specialist,14/02/1977,M,11/02/2009
247,519756660,3,Accounts Payable Specialist,09/03/1979,F,01/03/2009
248,480951955,3,Accountant,01/07/1979,M,08/03/2009
249,121491555,2,Finance Manager,11/10/1984,F,25/12/2008
250,895209680,3,Purchasing Manager,10/02/1978,F,25/02/2011
251,603686790,4,Buyer,17/08/1984,M,10/02/2009
252,792847334,4,Buyer,21/08/1974,M,28/02/2009
253,407505660,4,Buyer,30/11/1970,F,17/12/2009
254,482810518,4,Buyer,24/11/1970,M,04/01/2010
255,466142721,4,Buyer,29/11/1966,M,11/01/2010
256,367453993,4,Buyer,12/05/1952,M,23/01/2010
257,381073001,4,Buyer,17/09/1972,M,27/01/2010
258,785853949,4,Buyer,04/01/1971,F,31/01/2010
259,20269531,4,Buyer,03/06/1973,M,09/03/2010
260,437296311,4,Purchasing Assistant,29/01/1978,F,06/12/2010
261,280633567,4,Purchasing Assistant,17/01/1978,M,25/12/2010
262,231203233,2,Assistant to the Chief Financial Officer,21/06/1964,M,12/01/2009
263,441044382,1,Information Services Manager,13/12/1975,F,11/12/2008
264,858323870,2,Network Manager,25/03/1984,F,04/02/2009
265,749389530,3,Network Administrator,27/03/1977,M,04/12/2008
266,672243793,3,Network Administrator,28/05/1980,M,23/02/2009
267,58317344,2,Application Specialist,19/05/1978,F,16/02/2009
268,314747499,2,Application Specialist,13/03/1988,M,03/02/2009
269,671089628,2,Application Specialist,26/05/1987,M,11/01/2009
270,643805155,2,Database Administrator,17/05/1975,M,17/01/2009
271,929666391,2,Database Administrator,06/01/1976,M,22/01/2009
272,525932996,2,Application Specialist,30/01/1985,F,23/12/2008
273,112432117,1,Vice President of Sales,06/06/1977,M,15/02/2011
274,502097814,2,North American Sales Manager,17/10/1951,M,04/01/2011
275,841560125,3,Sales Representative,25/12/1968,M,31/05/2011
276,191644724,3,Sales Representative,27/02/1980,F,31/05/2011
277,615389812,3,Sales Representative,29/08/1962,F,31/05/2011
278,234474252,3,Sales Representative,04/02/1975,M,31/05/2011
279,716374314,3,Sales Representative,18/01/1974,M,31/05/2011
280,61161660,3,Sales Representative,06/12/1974,F,31/05/2011
281,139397894,3,Sales Representative,09/03/1968,M,31/05/2011
282,399771412,3,Sales Representative,11/12/1963,M,31/05/2011
283,987554265,3,Sales Representative,11/02/1974,M,31/05/2011
284,90836195,3,Sales Representative,05/01/1978,M,30/09/2012
285,481044938,2,Pacific Sales Manager,11/01/1975,M,14/03/2013
286,758596752,3,Sales Representative,14/02/1977,F,30/05/2013
287,982310417,2,European Sales Manager,20/09/1957,F,16/04/2012
288,954276278,3,Sales Representative,09/07/1975,F,30/05/2013
289,668991357,3,Sales Representative,17/03/1968,F,30/05/2012
290,134219713,3,Sales Representative,30/09/1975,M,30/05/2012
