,Supermarket,Date,Username,Location,Tweet,Score-minus,Score-neutral,Score-plus
0,Lidl,2022-09-16 09:36:37+00:00,Decor13Art,,"@franello_BF Ich frage mich, ob es in 5 Jahren Ã¼berhaupt noch Lidl in Deutschland gibt ğŸ¤¨",0.0,1.0,0.0
1,Lidl,2022-09-16 09:36:17+00:00,TishaMoriah,,"Three of my Warburton crumpets had mould on them, I purchased them on Wednesday @LidlGB",0.0,1.0,0.0
2,Lidl,2022-09-16 09:35:50+00:00,munfunchal,Funchal,CMF aprova apoios financeiros de 33 mil euros para a EducaÃ§Ã£o e de 134 mil euros para o Desporto. Na reuniÃ£o semanal foi decidido manter o parecer desfavorÃ¡vel Ã  InstalaÃ§Ã£o da Lidl no Largo Severiano Ferraz mas a autarquia jÃ¡ aprovou 3 projetos da LIDL em zonas alternativas. https://t.co/zWD9OoMt7x,0.051,0.949,0.0
3,Lidl,2022-09-16 09:35:23+00:00,EdoMazzu,"Roma, Lazio",@fabrizio_wasabi @InfoAtac L'angolo rotture della Lidl,0.0,1.0,0.0
4,Lidl,2022-09-16 09:35:22+00:00,ATGBrokers,on Earth! ,News (Lidl begeistert am Freitag (16.9.) mit diesen krassen Sonderdeals - TAG24) has been published on https://t.co/RaBjl5DDcP - https://t.co/YXMGhZ8HPZ https://t.co/6IKG3ywlhT,0.0,1.0,0.0
5,Lidl,2022-09-16 09:34:07+00:00,Scottoriordan_1,Paradise,@lukethoas2011 @LidlGB Lad thereâ€™s one fly grow a pair a bollocks,0.0,1.0,0.0
6,Lidl,2022-09-16 09:32:56+00:00,JioH501,Roma,"Non Ã¨ la metro, Ã¨ l'angolo rotture della lidl https://t.co/KneB2GQJgc",0.0,1.0,0.0
7,Lidl,2022-09-16 09:32:42+00:00,AlextheCatte,,"@DrakoNSFW Unf, gonna suck his balls while heâ€™s dripping in Lidl. ğŸ¥°",0.225,0.775,0.0
8,Lidl,2022-09-16 09:32:42+00:00,lukethoas2011,,Exactly why you donâ€™t eat the bakery at Lidl ğŸ˜‚ğŸ¤®@LidlGB https://t.co/Eow1JJn334,0.0,1.0,0.0
9,Lidl,2022-09-16 09:32:41+00:00,MScurka,,"@PeterKnazeje To se ani moc nedivÃ­m. KdyÅ¾ jsem byl v Å½enevÄ›, tak tam mÄ›lo Aldi dost pÅ™Ã­znivÃ© ceny, oproti tomu jak je ve Å vÃ½carsku zvykem, takÅ¾e jestli takto vystupuje i v Anglii :). Lidl do toho Å¡lape v EvropÄ› jeÅ¡tÄ› vÃ­c snad :), ÄÃ­slo 1 si v ÄŒesku zaslouÅ¾Ã­ :)",0.0,0.935,0.065
10,Lidl,2022-09-16 09:32:31+00:00,nadia_abarchanm,"Tarifa, Spain","aki d chill esperando mi cita en secretaria mirando cupones del lidl y jugando al candy, 58 aÃ±os tngo",0.0,1.0,0.0
11,Lidl,2022-09-16 09:31:34+00:00,rgis_ireland,Ireland,"CheckoutIreland: Discounter @lidl_ireland has been named 'Drinks Retailer of the Year' at the Irish Quality Food Awards 2022.

https://t.co/JXqAHfaOde",0.0,0.857,0.143
12,Lidl,2022-09-16 09:31:23+00:00,TrkogluHalil,,"@SONSUZASK____ TÃ¼rkiyeden gelen incirler Almanyada Tanesi 29-49 cent arasÄ±nda satÄ±lÄ±yor.7'li paket 2,45 â‚¬ satÄ±lÄ±yor Lidl'de.ğŸ¤”ğŸ‡¹ğŸ‡·",0.0,1.0,0.0
13,Lidl,2022-09-16 09:30:47+00:00,anxrchiex,she/elle â€¢ 18 â€¢ ğŸ‡µğŸ‡¹,Je me prÃ©pare pour tenter de dÃ©goter la gamme vege de lidl je vous en redirais des nouvelles ğŸ‘,0.0,1.0,0.0
14,Lidl,2022-09-16 09:30:45+00:00,meowmeowmadi,they/she,got hit in the leg with a mini trolley in lidl ?,0.0,1.0,0.0
15,Lidl,2022-09-16 09:30:32+00:00,Ajarncom,Thailand,I shall certainly be slipping in half a dozen cans of shaving gel and anti-perspirant though. That's well worth the effort. It's worth mentioning though that Aldi and Lidl are cheaper than Tesco but I still can't be bothered with lugging back food this time around.,0.0,0.816,0.184
16,Lidl,2022-09-16 09:30:30+00:00,dinie_van,Drentse in GroningerlandğŸŒ³ğŸ„,"@pieter_bull Ik geef onze katten gewoon alles van de Lidlâ€¦Zijn bijna 15 jaar oud en nooit ziek..Ik geloof niet in die dure voeding,vroeger aten honden en katten met de pot mee..Leefden lang en gelukkig..",0.106,0.894,0.0
17,Lidl,2022-09-16 09:29:53+00:00,PerKostas,Î‘Î¸Î®Î½Î±,"Î¤Î± Lidl Î±Î½Î±ÎºÎ±Î»Î¿ÏÎ½ Î´ÏÎ¿ Ï€ÏÎ¿ÏŠÏŒÎ½Ï„Î± Î±Ï€ÏŒ Ï„Î± ÏÎ¬Ï†Î¹Î± Ï„Î¿Ï…Ï‚ ÎºÎ±Î¹ ÏƒÏÎ¼Ï†Ï‰Î½Î± Î¼Îµ Î±Î½Î±ÎºÎ¿Î¯Î½Ï‰ÏƒÎ· Ï„Î·Ï‚ ÎµÏ„Î±Î¹ÏÎµÎ¯Î±, ÎºÎ±Î»Î¿ÏÎ½Ï„Î±Î¹ Î¿Î¹ ÎºÎ±Ï„Î±Î½Î±Î»Ï‰Ï„Î­Ï‚ Î½Î± Î¼Î·Î½ ÎºÎ±Ï„Î±Î½Î±Î»ÏÏƒÎ¿Ï…Î½.
https://t.co/qQw2CKcb8D",0.0,1.0,0.0
18,Lidl,2022-09-16 09:29:26+00:00,Magnum_Hermosa,Alabama,Middlesbrough Council is hearing concerns about a new Lidl store inÂ Teesside https://t.co/Q8giqGJim2,0.0,1.0,0.0
19,Lidl,2022-09-16 09:29:08+00:00,fearlessfrvn,harry styles wore my pink boa,"@NHCAPALDI amo vai da Aldi o da Lidl, i supermercati come Rewe sono troppo cari!!!",0.0,1.0,0.0
20,Lidl,2022-09-16 09:28:41+00:00,elcapit73550840,,"@AzulejodEntrada @manjos Certo, como os chinelos e as meias do LIDL",0.0,1.0,0.0
21,Lidl,2022-09-16 09:28:38+00:00,EnCarlssons,"GÃ¶teborg, Sverige",Halva fredagen har passerat lunchen Ã¤r intagen nÃ¤sta anhalt blir eftermiddagskaffet vid 14 tiden. Sedan ska mat och vin inhandlas innan frugan kommer frÃ¥n jobbet vid 16 tiden. Toapapper och diskmaskinsmedel stÃ¥r pÃ¥ listan resten kÃ¶per jag pÃ¥ mÃ¥fÃ¥. FÃ¥r se vad Lidl erbjuder. https://t.co/IgvYPI2FLy,0.0,1.0,0.0
22,Lidl,2022-09-16 09:26:52+00:00,HrDingsMitHund,"Tindaya, Fuerteventura","Bin sehr mÃ¼de, weil ich einen sehr stressigen Vormittag hatte. Ich war mit Papa beim Autoschrauber und habe einen Ersatzreifen bestellt. Dann habe ich bei Netto im Auto gewartet u dann musste ich beim Lidl im Auto warten u auf das Futter aufpassen, das wir bei netto gekauft haben https://t.co/NKvKO1Twhm",0.077,0.923,0.0
23,Lidl,2022-09-16 09:26:20+00:00,lizzyfa,Hants,This Lidl bourgainvillea bought a few months ago has gone full on spectacular https://t.co/r73CCehN6F,0.0,1.0,0.0
24,Lidl,2022-09-16 09:25:53+00:00,Jozzy_Josbourne,,Baya Lidl oluyor bunlar. GÃ¼nlÃ¼k kruvasan da Ã§Ä±karsalar tam olur ama kruvasanÄ±n nasÄ±l ortaya Ã§Ä±ktÄ±ÄŸÄ±nÄ± halkÄ±mÄ±z bilse yÄ±karlar olayÄ±. https://t.co/bNzqnhlZYO,0.0,1.0,0.0
25,Lidl,2022-09-16 09:25:05+00:00,LivaLivina29,"Riga, Latvia","Ja nu kÄds domÃ , ko nopirkt Lidl! https://t.co/6yfA8JGu84",0.0,1.0,0.0
26,Lidl,2022-09-16 09:24:48+00:00,fetsmal,,@exmemoriam @EdvinAlpros Jag kom hit fÃ¶r detta. Nya â€Lidl-skolanâ€!,0.0,1.0,0.0
27,Lidl,2022-09-16 09:24:11+00:00,StevenOMcCarthy,,"@eoinyk There is a big markup on food - always has been.

That said the steaks in Aldi/Lidl aren't great. Get a far superior steak from your local butcher for not much more.",0.095,0.805,0.101
28,Lidl,2022-09-16 09:23:14+00:00,beautifulskem,Skelmersdale,"This is the sign that appeared before the woodland was bulldozed:
@rosie4westlancs @CllrIanMoran @StModwen @StModwenIL @LidlGB @bmstores https://t.co/dg9bAAKj5M",0.0,1.0,0.0
29,Lidl,2022-09-16 09:23:03+00:00,KrakowaMarcin,,"@FeusetteK Pewnie Niemcy bÄ™dÄ… zaÅ‚atwiaÄ‡ sobie fundusze na budowÄ™ Kaufland, Lidl itp na Ukrainie tak jak dostali na budowÄ™ w Polsce w latach 90-tych, potem bÄ™dÄ… chcieli przejÄ…Ä‡ produkcjÄ™ i przetwÃ³rstwo Å¼ywnoÅ›ci",0.0,1.0,0.0
30,Lidl,2022-09-16 09:22:41+00:00,Nusskati,bei deiner Mudda Tee trinkend,"@lichtlauschen @CarstenKrinke @ALDINord_Presse @lidl @REWE_Supermarkt @kaufland Auf dem Supermarkt PrivatgelÃ¤nde entscheidet das im Regalfall der EigentÃ¼mer mwd.

Der kann die StellplÃ¤tze auch nur fÃ¼r den VW Polo von 93 freigeben, wenn er das so will.

Kund:innen dÃ¼rfen aber nicht anhand von Geschlecht/NationalitÃ¤t/Religion etc. nicht diskriminiert werden.",0.08,0.92,0.0
31,Lidl,2022-09-16 09:22:36+00:00,paladarRSS,EspaÃ±a,Â¿Cocina pequeÃ±a o desordenada? Lidl tiene la soluciÃ³n para ganar espacio y tener todo bien organizado https://t.co/IUfgDnGoH3 https://t.co/AZpqHiWjnI,0.0,1.0,0.0
32,Lidl,2022-09-16 09:22:31+00:00,Cassiop95822805,,@Klimmske @soeinfach12 @Bundeskanzler Beim besten Willen braucht man da keinen Schwab oder VT. Das sieht man seit vielen Jahren. Die BÃ¼rger nehmen geiz ist geil aber gerne an. Wenn die alle solidarisch wÃ¤ren und beim BÃ¤cker oder Metzger nebenan kaufen wÃ¼rden wÃ¤re das Modell rewe Lidl am Ende. Ganz einfach,0.14,0.86,0.0
33,Lidl,2022-09-16 09:22:14+00:00,Tentapurple,Balamb Garden,@alekziend Hay unas que venden en el Lidl que estÃ¡n...ğŸ¤¤ğŸ¤¤,0.0,1.0,0.0
34,Lidl,2022-09-16 09:22:08+00:00,its_dirk2,"Emmendingen, Baden-WÃ¼rttemberg","@franello_BF Bitte, dass ist aber sehr beliegend fÃ¼r #lidl. Die  haben schlieÃŸlich auch FachkrÃ¤fte und ungelerntes Personal braucht man da auch nicht. ğŸ˜‰",0.157,0.843,0.0
35,Lidl,2022-09-16 09:21:31+00:00,P4bl0_157,EspaÃ±a,"Bendito sea el momento en el que puedo salir a la calle en el recreo y en frente del insti tengo: un Lidl, un burguer, un supeco, un papÃ¡ John's y un MC Donalds",0.0,1.0,0.0
36,Lidl,2022-09-16 09:21:26+00:00,Comenta_conmigo,,"Yo pensaba que lo peor de comprar en Lidl online era la empresa de reparto que no repartÃ­a. Pero la devoluciÃ³n del dinero le hace competencia eh
Menuda mierda. Sigo sin mi dinero",0.158,0.842,0.0
37,Lidl,2022-09-16 09:19:54+00:00,JohannWaldmann,,@franello_BF in 5 Jahren heiÃŸt Lidl CHIN-LI,0.0,1.0,0.0
38,Lidl,2022-09-16 09:19:36+00:00,MJowen174,The Manchester,In a bid to promote healthy living our local Lidl have got rid of the sweets by the till and replaced them withâ€¦booooooooze. https://t.co/3vnJ8Lq2fu,0.0,0.702,0.298
39,Lidl,2022-09-16 09:19:00+00:00,Ladenalemana,Deutschland - Germany - Alemania,Leere Regale bei Aldi und Lidl: Viele Produkte sind aktuell nicht mehr verfÃ¼gbar  https://t.co/6lDuFzwBuv,0.0,1.0,0.0
40,Lidl,2022-09-16 09:18:51+00:00,frechdaxxx,,@franello_BF TatsÃ¤chlich glaube ich das nicht. Die Einstellungsvoraussetzungen bei Lidl sind recht anspruchsvoll.,0.245,0.755,0.0
41,Lidl,2022-09-16 09:18:47+00:00,ValmierasZinas,"Valmiera, Latvija","Valmieras â€œLidlâ€ veikala taromÄtÄ iespÄ“jams ziedot vientuÄ¼iem senioriem Valmieras reÄ£ionÄ
https://t.co/Y5Tf5f137c",0.0,1.0,0.0
42,Lidl,2022-09-16 09:18:37+00:00,RosendorfStefan,,"@Papiergewitter @nicolange_ Zeigen sie mir einen NATO-Staat der west-Panzer geliefert hat ğŸ¤·ğŸ»â€â™‚ï¸

Und Volkswirtschaft spielt keine Rolle. Es geht hier um Panzerm nicht um Euronoten.
Und sie kÃ¶nnen nicht mal eben zum LIDL am Eck gehen und ein paar Panzer kaufen.
Entweder man hat die.... oder halt nicht.",0.0,1.0,0.0
43,Lidl,2022-09-16 09:17:07+00:00,Athletia_Sports,Germany,"@moussjr782 rÃ©el mÃªme Lidl font mieux mdrr
faut rester dans la bouffe maghrÃ©bine qui est incroyable, pourquoi aller ailleurs",0.0,1.0,0.0
44,Lidl,2022-09-16 09:16:52+00:00,Glasson_ytb,3eme sortie a 200m,@miliaetan Rip alors sinn si tâ€™a une pause et si ta un lidl Ã  cÃ´tÃ© ou un truc comme Ã§a va prendre des chips,0.0,1.0,0.0
45,Lidl,2022-09-16 09:16:49+00:00,PVaskivuo,,@RitaTainola Lidl on hyvÃ¤ kauppa. Onneksi tuli Suomeen.,0.0,1.0,0.0
46,Lidl,2022-09-16 09:16:34+00:00,firmenauto,Stuttgart,Der EinzelhÃ¤ndler Lidl Schweiz wendet sich in der Filialbelieferung bis 2030 von fossilen EnergietrÃ¤gern ab. So soll die Abkehr vom Diesel gelingen. https://t.co/Zt1vAVVRfa https://t.co/z3AfwYjqca,0.154,0.846,0.0
47,Lidl,2022-09-16 09:15:48+00:00,KarlMarcoDick,,@franello_BF Glaube kaum das Lidl ne ungelernte Kraft einstellt und davon abgesehen finde ich eine solchen Vergleich den Lidl Mitarbeitern gegenÃ¼ber nicht fair. Das sind anstÃ¤ndige Leute die sich jeden Tag reinhÃ¤ngen. Das kann man von Frau Lang nicht gerade behaupten.,0.086,0.863,0.051
48,Lidl,2022-09-16 09:15:43+00:00,HerrUberberg,Germany,"@realTomBohn @franello_BF In einem. Und dann sitzt sie auch nicht bei Lidl an der Kasse, sondern vor Gericht.",0.0,1.0,0.0
49,Lidl,2022-09-16 09:15:20+00:00,CatherineRotteM,,"Indeed.  I love that @Aldi_Ireland , @lidl_ireland and even @CentraIRL and @SuperValuIRL have decent steaks ğŸ¥© for under a tenner for 2 in many cases. Itâ€™s not like the restaurants are flogging rare #wagyu or fillet steaks at their extortion rates. https://t.co/IIei1f67FT",0.051,0.847,0.102
50,Aldi,2022-09-16 09:36:38+00:00,bluemagic70s,"Bursa, TÃ¼rkiye",@missturkeyresmi BeÅŸiktaÅŸ Alexis Sanchezâ€™i mi aldÄ±,0.0,1.0,0.0
51,Aldi,2022-09-16 09:36:36+00:00,dikgazete,,"AB vize kolaylÄ±ÄŸÄ±nÄ± askÄ±ya aldÄ±, bazÄ± Ã¼ye Ã¼lkeler Ruslara vize vermeyi tÃ¼mÃ¼yle durdurdu ... https://t.co/2rXJuQaRFg ... #dikGAZETE https://t.co/VRTOfL2dIx",0.0,1.0,0.0
52,Aldi,2022-09-16 09:36:32+00:00,Orhan30175295,"Bursa, TÃ¼rkiye",@ErgulYuksel1985 Aynen kanka babamÄ± alamadÄ±k zamanÄ±nda hastane de kaldÄ±. BoÅŸ boÅŸ durmayayÄ±m burda bari diyip hastanede Ã§alÄ±ÅŸmaya baÅŸladÄ±. Bi sÃ¼re sonra sÄ±navlara girip doktor oldu ordan gece gÃ¼ndÃ¼z Ã§alÄ±ÅŸtÄ± baÅŸhekim oldu. Allah yÃ¼rÃ¼ ya kulum dedi ya bi kere iÅŸte en son hastaneyi satÄ±n aldÄ± ğŸ˜‚,0.0,1.0,0.0
53,Aldi,2022-09-16 09:36:17+00:00,everythingChelm,,News: Aldi recall and 'do not eat' warning over unsafe to eat product https://t.co/WYN3cHiiBg,0.0,0.865,0.135
54,Aldi,2022-09-16 09:36:00+00:00,BeyazGazete,Turkiye,Kemal KÄ±lÄ±Ã§daroÄŸlu bu kez de sosyal konut projesini hedef aldÄ±! CHP 'Ä°lk evim ilk iÅŸ yerim'e de muhalefet https://t.co/D9l15SblPW https://t.co/B16y0oDVFC,0.0,1.0,0.0
55,Aldi,2022-09-16 09:35:47+00:00,AldiUK,,"@Neilfarrington Iâ€™m so sorry to see this, Neil. Please speak to a member of the store team on your next convenient visit, the team will be happy to provide you with a refund. In the meantime, Iâ€™ll be sure to feed this back. Thanks - Sarka",0.034,0.746,0.22
56,Aldi,2022-09-16 09:35:38+00:00,referansturk,,"AB vize kolaylÄ±ÄŸÄ±nÄ± askÄ±ya aldÄ±, bazÄ± Ã¼ye Ã¼lkeler Ruslara vize vermeyi tÃ¼mÃ¼yle durdurdu https://t.co/sJOdY3EVmj",0.0,1.0,0.0
57,Aldi,2022-09-16 09:35:38+00:00,sulfatacidkedua,"chup's / pik's, homphob dni",@partaihamdan ngakak bgttttt AWOWKWKWKWKWKWKWKWK aldi komuknya plis,0.0,1.0,0.0
58,Aldi,2022-09-16 09:35:30+00:00,sanliurfatso,ÅanlÄ±urfa,"ÅUTSO tarafÄ±ndan 31.12.2020 baÅŸvurusu yapÄ±lan, ÅanlÄ±urfa/Urfa Keten KÃ¶yneÄŸi FÄ±stÄ±ÄŸÄ±, tescil belgesini aldÄ±. Ä°limizde ÅanlÄ±urfa/Urfa Keten KÃ¶yneÄŸi FÄ±stÄ±ÄŸÄ±â€™nÄ±n da tescil belgesi almasÄ±yla tescilli Ã¼rÃ¼n sayÄ±sÄ± 42â€™ye yÃ¼kseldi.

ğŸ‘‰https://t.co/2SBzdunT3W

@iHalilPeltek @ahmetaltun63 https://t.co/MitqgoxeSy",0.0,1.0,0.0
59,Aldi,2022-09-16 09:35:23+00:00,Rosewood_upper,Japan,@Taula_ Aldi taher knpsi,0.0,1.0,0.0
60,Aldi,2022-09-16 09:35:18+00:00,IndiHomeCare,Indonesia,"@HymAldi Sore Kak Aldi, silakan untuk menginformasikan nomor ponsel alternatif melalui DM. Guna kami informasikan dan tindaklanjut perihal permasalahannya. -Iga",0.116,0.884,0.0
61,Aldi,2022-09-16 09:35:06+00:00,Okocha10com,,Hatasi yokmuydu. Tabiki vardi. 80-85 arasi bizim kose noktasina yakin topu eveledi geveledi Doku aldi pozisyon yakaladi ama yine de muhtesemdi..,0.0,1.0,0.0
62,Aldi,2022-09-16 09:35:04+00:00,iddmibtr,"Ä°stanbul, TÃ¼rkiye",YÃ¶netim Kurulu BaÅŸkanÄ±mÄ±z Sn. Ã‡etin TecdelioÄŸlu ile birlikte sektÃ¶r firmalarÄ±mÄ±zÄ± ziyaret ederek ileriye dÃ¶nÃ¼k geliÅŸmeler hakkÄ±nda bilgi aldÄ±. https://t.co/BFfIHLcRo0,0.0,1.0,0.0
63,Aldi,2022-09-16 09:34:52+00:00,zimbahakan,"Minneapolis, MN",@theterimst Noldu kucaÄŸamÄ± aldÄ± sizi ondan mj bu sevgi,0.0,1.0,0.0
64,Aldi,2022-09-16 09:34:48+00:00,ElenbaasHier,"Hilversum, Nederland","@markdehaann Huh, hebben ze daar ook een Aldi dan?",0.0,1.0,0.0
65,Aldi,2022-09-16 09:34:46+00:00,bahtsiz1ii,ÅŸÃ¼krÃ¼ saraÃ§oÄŸlu spor kompleksi,"MaÃ§ bitmeden Rennes maÃ§Ä± aldÄ± diyenlere 90+2 de Valencia'nÄ±n cevabÄ±
https://t.co/9TdrN6P5lU",0.0,1.0,0.0
66,Aldi,2022-09-16 09:34:44+00:00,Berfinim_Deniz,,"Ã–zel TaÅŸ Koleji'ni kurdu ve eÄŸitim sektÃ¶rÃ¼ne geÃ§ti. 111 sinema filmi ve 4 televizyon dizisinde rol alan oyuncu, 1985 yÄ±lÄ±nda Berlin UluslararasÄ± Film Festivaliâ€™nde â€œPansiyonâ€ filmi ile GÃ¼mÃ¼ÅŸ AyÄ± Mansiyon Ã–dÃ¼lÃ¼'nÃ¼ aldÄ± ve 1982 yÄ±lÄ±nda Cannes Film Festivaliâ€™nde â€œYolâ€ filmi ile",0.0,1.0,0.0
67,Aldi,2022-09-16 09:34:30+00:00,Gul_iRanaa,Ä°stanbul ,@sonsuzkurmaca Ã‡ok Ã¼zÃ¼ldÃ¼m. O kadar iyi anlÄ±yorum ki. Bizimde Zehraâ€™nÄ±n annesinin doÄŸduÄŸunda terk ettiÄŸi yavru kediyi bÃ¼yÃ¼ttÃ¼k. Evin balkonunda  kÃ¶pekler boÄŸdu. Annesi geldi aldÄ± diyoruz Ã¶ldÃ¼ÄŸÃ¼nÃ¼ bilmiyor. O mutludur ama annesi gelmiÅŸ diyor yavrum :(,0.083,0.917,0.0
68,Aldi,2022-09-16 09:34:24+00:00,breakingturkish,,"AB vize kolaylÄ±ÄŸÄ±nÄ± askÄ±ya aldÄ±, bazÄ± Ã¼ye Ã¼lkeler Ruslara vize vermeyi tÃ¼mÃ¼yle durdurdu  https://t.co/PDxCX0RRoz #haber #breakingnewsturkey #sondakika",0.0,1.0,0.0
69,Aldi,2022-09-16 09:34:22+00:00,crazyangel1_,TÃ¼rkiye,@balluribere Emre bey burada 1 tane Ã¶rnek verdim de benim dosyam da olan Ã§oÄŸu insana soruÅŸturma bile aÃ§Ä±lmadÄ± bir kÄ±smÄ± da takipsizlik aldÄ± iÅŸinde gÃ¼cÃ¼nde sÄ±rf manipÃ¼le iÅŸleri gÃ¼Ã§leri bir onlar biliyor,0.0,1.0,0.0
70,Aldi,2022-09-16 09:34:00+00:00,anlikhaberin,Turkey,"TÃ¼rkiye gazetesi: Ankara ile Åam istihbaratÄ±, Suriyeâ€™ye gÃ¼venli dÃ¶nÃ¼ÅŸÃ¼ ve mÃ¼lkiyet konularÄ±nÄ± ele aldÄ±.",0.0,1.0,0.0
71,Aldi,2022-09-16 09:33:28+00:00,CrisBeniimBabam,CR7,"MaÃ§tan sonra ÅŸerif oyuncusu Pernambuco, Ronaldo'nun imzalÄ± formasÄ±nÄ± aldÄ±.

EFSANE ğŸ https://t.co/sKOFfQEeMj",0.0,1.0,0.0
72,Aldi,2022-09-16 09:33:22+00:00,TCYenicaga,"YeniÃ§aÄŸa, Bolu",SayÄ±n Valimiz Erkan KILIÃ‡ SayÄ±n KaymakamÄ±mÄ±z Bilal Ã‡ELÄ°Kâ€™i makamÄ±nda ziyaret ederek hayÄ±rlÄ± olsun dileklerinde bulundu.Ä°lÃ§ede devam eden ve planlanan yatÄ±rÄ±mlar hakkÄ±nda bilgiler aldÄ±. https://t.co/JXwRMgmBbW,0.0,1.0,0.0
73,Aldi,2022-09-16 09:32:46+00:00,Deryadeniz25se1,,@birincimucahit @samiltayyar27 Bizim cenahta kilicdaroglu na karÅŸÄ± bir kÃ¼Ã§Ã¼mseme bir kibir aldÄ± baÅŸÄ±nÄ± gidiyor halbuki her ÅŸeyi ve herkesi ciddiye alarak Ã§alÄ±ÅŸacak iÅŸimize bakacaÄŸÄ±z AllahÄ±n kime neyi nasip ettiÄŸini bilmiyoruz Ã¶zel anlaÅŸmamÄ±z yok Musa a.s ile firavun hikayesi ne Ã§abuk unutuldu gitti,0.0,1.0,0.0
74,Aldi,2022-09-16 09:32:42+00:00,hnlngk,,"@dirilispostasi Ekmek parasÄ± ne yapsÄ±n garibim, bir daha alacak parasÄ± mÄ± yok yoksa Ã¶dÃ¼nÃ§ mÃ¼ aldÄ±. Allah kolaylÄ±k versin.",0.0,1.0,0.0
75,Aldi,2022-09-16 09:32:41+00:00,MScurka,,"@PeterKnazeje To se ani moc nedivÃ­m. KdyÅ¾ jsem byl v Å½enevÄ›, tak tam mÄ›lo Aldi dost pÅ™Ã­znivÃ© ceny, oproti tomu jak je ve Å vÃ½carsku zvykem, takÅ¾e jestli takto vystupuje i v Anglii :). Lidl do toho Å¡lape v EvropÄ› jeÅ¡tÄ› vÃ­c snad :), ÄÃ­slo 1 si v ÄŒesku zaslouÅ¾Ã­ :)",0.0,0.935,0.065
76,Aldi,2022-09-16 09:32:09+00:00,AldiUK,,"@Hickstar2 Iâ€™m so sorry to see this, Michael. Please speak to a member of the store team on your next convenient visit, the team will be happy to provide you with a refund. In the meantime, Iâ€™ll be sure to feed this back. Thanks - Sarka",0.034,0.746,0.22
77,Aldi,2022-09-16 09:32:07+00:00,Ramiko190,,"Size biÅŸe anlatyim arkdaÅŸÄ±m 7,03ten #hatek aldÄ± hafta bsinda kara gecti geri gldi drken bu gitmiyr dedi bak banklar tavn tavn dedi ben #vakbn alacam dedi 13lerdemi ne sakin oyle bise yapma dedim ele verecekler dinlmdi ciddi zrarda simdi sizde kagÄ±t gitmiyr die baska dala atlamyn",0.08,0.92,0.0
78,Aldi,2022-09-16 09:31:58+00:00,farukyz,TÃ¼rkiye'de bir yer.,ÃœskÃ¼dar'a giderken aldÄ± da bir yaÄŸmur derken. https://t.co/Mt3csGTOOK,0.0,1.0,0.0
79,Aldi,2022-09-16 09:31:49+00:00,kemalastam,,@emrahiric Ã‡ocuÄŸun aklÄ±nÄ± baÅŸÄ±ndan aldÄ± dengesiz siyasetÃ§i ya:)),0.0,1.0,0.0
80,Aldi,2022-09-16 09:31:44+00:00,MrsSFD,,"@AldiUK Have just done so, thank you",0.0,0.649,0.351
81,Aldi,2022-09-16 09:31:43+00:00,sitrettmx,Konya,"An itibariyle fonlamamÄ±zÄ±n %60.1'i tamamlandÄ±! 
Toplamda 7.207.925  TL yatÄ±rÄ±ma ulaÅŸtÄ±k.
996 YatÄ±rÄ±mcÄ± Pay AldÄ±.
55 Nitelikli YatÄ±rÄ±mcÄ± YatÄ±rÄ±m YaptÄ±.
Ä°lginize teÅŸekkÃ¼rler! â˜ºï¸ https://t.co/eHWYwlDh28",0.083,0.917,0.0
82,Aldi,2022-09-16 09:31:12+00:00,gurkan4107,"ğ•¶ğ–Šğ–’ğ–Šğ–—,ğ•¿ğ–šğ–—ğ–ğ–ğ–ğ–Š ",@YZtolgahan Dogru diyorsun fakat genis pencereden bakmak lazim ben 90 dk bi daha izledim butun kafa toplarini aldi defansi cok zorladi simdi diyorumki jesus hocam bilir ne diyosa o ğŸ§¿ğŸ˜‰,0.0,1.0,0.0
83,Aldi,2022-09-16 09:31:11+00:00,ensondakikacom,TÃ¼rkiye,"AB vize kolaylÄ±ÄŸÄ±nÄ± askÄ±ya aldÄ±, bazÄ± Ã¼ye Ã¼lkeler Ruslara vize vermeyi tÃ¼mÃ¼yle durdurdu https://t.co/Hq5dMEDSE5",0.0,1.0,0.0
84,Aldi,2022-09-16 09:31:04+00:00,SecurityToday,United Kingdom,Aldi urgently recalls sauce with 'do not eat' warning to shoppers - Coventry Telegraph https://t.co/ALzSolxRi8,0.0,0.865,0.135
85,Aldi,2022-09-16 09:30:59+00:00,SHetkinlk,SÄ±laHalilğŸ’«,"Adba Analyticsâ€™in #DÃ¼nNeOldu En Ã‡ok Ne KonuÅŸuldu listesinde
Halil Ä°brahim Ceyhan 298Bin+ ileti ile 1.sÄ±rada
SÄ±la TÃ¼rkoÄŸlu 285Bin+ ileti ile 2.sÄ±rada
Halil Ä°brahim Ceyhan'Ä±n hayat verdiÄŸi Yaman KÄ±rÄ±mlÄ± karakteri 257Bin+ileti ile 3.sÄ±rada yer aldÄ±
#SÄ±laTÃ¼rkoÄŸlu #HalilÄ°brahimCeyhan https://t.co/XpvrSo2Lp4",0.0,1.0,0.0
86,Aldi,2022-09-16 09:30:57+00:00,RahmiYavuzsar68,,@m_bozkurt46 Ä°nek aldÄ± gÃ¶tÃ¼rdÃ¼ satamadan getirdi ğŸ˜‚,0.0,1.0,0.0
87,Aldi,2022-09-16 09:30:54+00:00,CaptnStinkbart,,"@BrokkoliMuskel Habs gekauft, da ich meinen Hasen mal was gutes tun wollte. Und das ist garkein echtes heu. Dabei steht das drauf. Finde sowas sollte verboten werden. 
Aber muss los, im Aldi sind Fleischpflanzerl im Angebot und ich brauch grad eh neue Zimmer Pflanzen, was ein GlÃ¼ck.",0.0,1.0,0.0
88,Aldi,2022-09-16 09:30:47+00:00,daddarara,,@innsilence_ Ay aynÄ± aÅŸkÄ±m kredi kartÄ± saÄŸolsun hepsini aldÄ± gÃ¶tÃ¼rdÃ¼ ğŸ˜”,0.0,1.0,0.0
89,Aldi,2022-09-16 09:30:40+00:00,Alasteir,"Bursa, TÃ¼rkiye",@yavuzseckin Ne ardasi ya tempoya bak adamlar  17 yasinda cocuk oyuna aldi orta sahayi dagitti irfan yuruyor zaten 2. Yi kaldirmaz takim biraz kendini zorlamali arda icin erken daha skor buldugu macta oynar yiksa zor,0.0,1.0,0.0
90,Aldi,2022-09-16 09:30:39+00:00,AroganliFrodo,,@goodmanbaba @fbaltayy @yescontextfb Ä°kinci yarÄ± sorumluluk aldÄ± eyvallah ama ilk yarÄ± da onun yerine baÅŸka biri oynasa durum buralara gelmezdi bence,0.0,1.0,0.0
91,Aldi,2022-09-16 09:30:32+00:00,Ajarncom,Thailand,I shall certainly be slipping in half a dozen cans of shaving gel and anti-perspirant though. That's well worth the effort. It's worth mentioning though that Aldi and Lidl are cheaper than Tesco but I still can't be bothered with lugging back food this time around.,0.0,0.816,0.184
92,Aldi,2022-09-16 09:30:28+00:00,AslanBe1905,,"Sen bir moronsun. Galatasaray geÃ§en sezon tek baÅŸÄ±na hepinizin topladÄ±ÄŸÄ± puanlarÄ± aldÄ± 
anlamamÄ±ÅŸ olabilirsin ben anlatayÄ±m;

GS 1-0 Lazio
Marsilya 0-0 GS
L. Moskova 0-1 GS
GS 1-1 L. Moskova
GS 4-2 Marsilya
Lazio 0-0 GS
Son 16
Barca 0-0 GS
GS 1-2 Barca
#moron https://t.co/yY979qxHFq",0.0,1.0,0.0
93,Aldi,2022-09-16 09:30:13+00:00,bingoltv,BingÃ¶l,"AB vize kolaylÄ±ÄŸÄ±nÄ± askÄ±ya aldÄ±, bazÄ± Ã¼ye Ã¼lkeler Ruslara vize vermeyi tÃ¼mÃ¼yleÂ durdurdu https://t.co/0bsXNHlLdP",0.0,1.0,0.0
94,Aldi,2022-09-16 09:30:12+00:00,Artun81,"Istanbul, Turkey","@tahirbuyukakin @RTErdogan Ordaki diÄŸer Ã¼lkeler ne ki,kim ki,insanlÄ±ÄŸa dokunduklarÄ± yerde sÄ±fatlarÄ±,baÅŸarÄ±larÄ±,katma deÄŸerleri ne ki,ErdoÄŸan orada yer aldÄ± diye gurur duyacaÄŸÄ±m? UtanÃ§ verici o gurubun iÃ§inde TÃ¼rkiye Cumhuriyeti Devlet BaÅŸkanÄ±'nÄ± gÃ¶rmek.TÃ¼rkiye'nin layÄ±k gÃ¶rÃ¼ldÃ¼ÄŸÃ¼ guruba bakÄ±n;iÃ§ler acÄ±sÄ±!",0.0,1.0,0.0
95,Aldi,2022-09-16 09:30:02+00:00,ekofinansguncel,"Ä°stanbul, TÃ¼rkiye",TruKKer yeni yatÄ±rÄ±m aldÄ± https://t.co/hIcPuiAr6Q,0.0,1.0,0.0
96,Aldi,2022-09-16 09:30:00+00:00,TimesofTurkiye,"Ä°stanbul, TÃ¼rkiye","ğŸ“DÃ¼nyada son kez gÃ¶rÃ¼ntÃ¼lenen kuyruklu yÄ±ldÄ±zÄ±n fotoÄŸrafÄ±, YÄ±lÄ±n Astronomi FotoÄŸrafÄ± Ã¶dÃ¼lÃ¼nÃ¼ aldÄ±. 

ğŸ“Ã–dÃ¼llÃ¼ fotoÄŸraf, 2021 yÄ±lÄ±nda Namibyaâ€™daki bir gÃ¶zlemevinde Ã§ekildi. https://t.co/Bb9oWyYdva",0.0,1.0,0.0
97,Aldi,2022-09-16 09:29:33+00:00,kSelenegill,ğŸ‡ªğŸ‡¸,"TambiÃ©n tienen este en Aldi. De medio kilo, y mayor porcentaje de proteÃ­na. En comparaciÃ³n con el anterior, en 150 g tienen 16,5 g de ProteÃ­na (no sÃ© por quÃ© no usÃ© este para abrir el hilo ğŸ¤¦â€â™€ï¸) https://t.co/f22WbVymaK",0.059,0.941,0.0
98,Aldi,2022-09-16 09:29:30+00:00,Parisin_Tipsizi,Adana,"AnlamsÄ±z beklentilerin yerini aldÄ± iÅŸe yaramayan hÃ¼zÃ¼n.. ya Ã§ok aceleciydi, ya Ã§ok gerisindeydi zamanÄ±n. Oysa her ÅŸey zamanlaydÄ±.. doÄŸum ve Ã¶lÃ¼mÃ¼n de zamanÄ± vardÄ±.",0.0,1.0,0.0
99,Aldi,2022-09-16 09:29:27+00:00,sonbahar1938,,"Ä°sviÃ§re, AB'nin Ruslara yÃ¶nelik vize kÄ±sÄ±tlamalarÄ±na katÄ±ldÄ±. Ä°sviÃ§re hÃ¼kÃ¼meti, Federal Konsey, Bern ile Moskova arasÄ±nda imzalanan vize kolaylaÅŸtÄ±rma anlaÅŸmasÄ±nÄ± askÄ±ya aldÄ±.

Ä°sviÃ§re ""TarafsÄ±z""mÄ±ydÄ±?",0.0,1.0,0.0
100,Waitrose,2022-09-16 09:29:25+00:00,NineBanff,Banff - Scotland ,"It's our Tried &amp; Tested #RedVelvet #Bakeoff from our TV Pilot, We made 3 cakes to #roadtest from @simonrim @jamieoliver &amp; Lorraine Pascale and also two store brought cakes from @waitrose  &amp; at @SelfridgesFood we had a @Flavourtownbake Who won ? We tell you later. 
#bakeoff #cake https://t.co/D2g3uHMUX6",0.0,0.922,0.078
101,Waitrose,2022-09-16 09:28:36+00:00,LChumpington,,@MarcusHodson5 @man_in_waitrose @SamanthaTaghoy British democracy is the form where you don't get to vote. Bit of a misnomer really,0.0,1.0,0.0
102,Waitrose,2022-09-16 09:27:08+00:00,BinetLes,"London, England","@sarahspoon @nickhirst No. I had to drive to Waitrose in Wimbledon, which is knee-deep in the stuff.",0.128,0.872,0.0
103,Waitrose,2022-09-16 09:23:25+00:00,HPersaud,"Stroud, England","@Lee_FGR It's in Stroud near Waitrose, would be interesting to see if it is near one of those on the map!",0.0,0.87,0.13
104,Waitrose,2022-09-16 09:22:29+00:00,Daves1412,,@charliebingjam @rog_w Waitrose yellow label time is about then? Might be a bumper afternoon!,0.0,1.0,0.0
105,Waitrose,2022-09-16 09:21:46+00:00,Barista_Secreto,Iran,@CommunityGroup5 @j_fatialofa @ChinnorRFCThame @OxfordshireRFU @activeoxon @ThameTC @ThameHub @OxfordshireCC @waitrose @NorthOxonSSP @Sport_England @TNLComFund Well done and thank you @j_fatialofa,0.0,0.777,0.223
106,Waitrose,2022-09-16 09:19:56+00:00,GrahamWise13,,"@waitrose just learned from one of your in store colleagues that your policy is not to have community notice boards. 

Why? 

Seems like the least you could do to improve your connection to the community you serve.",0.0,0.866,0.134
107,Waitrose,2022-09-16 09:18:01+00:00,EAin21169986,,Victoria Beckham showcases England Football team on the cover of Marks and Spencer recently so that they would abuse whoever she would ask just like Waitrose,0.137,0.782,0.081
108,Waitrose,2022-09-16 09:17:42+00:00,MarcusHodson5,"Nottingham, England",@man_in_waitrose @SamanthaTaghoy It's irrelevant to whether the monarch is elected they are head of state in our constituanal system of government just like all heads of states represent their form of democracy or not in some cases.,0.0,0.935,0.065
109,Waitrose,2022-09-16 09:17:13+00:00,gazzy_uk,"England, United Kingdom",@AlanAtkinson85 @neiltheo75 @hulllive â€œAldi or Waitrose marmalade? Heâ€™s what we found out.â€,0.0,1.0,0.0
110,Waitrose,2022-09-16 09:14:06+00:00,AirAcademy,"New Forest, Hampshire, UK.",@LBCNews I was in the queue for Waitrose and six hours later found myself in Westminster! Something must have gone wrong!,0.162,0.838,0.0
111,Waitrose,2022-09-16 09:12:07+00:00,DisasterWera,Bath,Whatâ€™s @waitrose view on the Lib Dem administration closing vehicle access to Bath store? https://t.co/qvWD4d0e45,0.0,1.0,0.0
112,Waitrose,2022-09-16 09:11:19+00:00,maybeoneday2,United Kingdom,"@man_in_waitrose @SamanthaTaghoy You would like to think that over the years the various Govts would be budgeting for the inevitable. Christ, if my 83yr old mother in law can pop a bit of money aside for her funeral, youâ€™d like to think the Queen may have done as well!",0.046,0.816,0.137
113,Waitrose,2022-09-16 09:06:03+00:00,nostalgiaslave,"England, United Kingdom","@waitrose @waitrose can you assist? I am absolutely APPALLED AT YOUR AWFUL, DISGUSTING, P**S POOR PATHETIC 'CUSTOMER SERVICE' if you can call it that!??? I've been hung up on now THREE TIMES!! in relation to a product complaint!! You seriously need to look into the halfwits you employ",0.402,0.598,0.0
114,Waitrose,2022-09-16 09:05:25+00:00,NigeWhite, UK,"@man_in_waitrose @SamanthaTaghoy You want to be a part of the corrupt EU, which has an unelected President and is run by unelected officials, do wake up! Don't say she was elected, as she was the only one put forward to the EU parliament, which is totally ineffectual!",0.064,0.91,0.027
115,Waitrose,2022-09-16 09:04:41+00:00,SebastianDfield,"Sheffield, England","@ssjjmm00 @man_in_waitrose @SamanthaTaghoy ""why donâ€™t you b*gger off to an EU country""

I'm going to go out on a limb here and guess you voted to remove that right from UK citizens.

(Putting asterisks in any swearing is pathetically coy, but putting one in bugger is something else)",0.07,0.93,0.0
116,Waitrose,2022-09-16 09:04:33+00:00,UBFriccardo,,"@leefreshprince Waitrose have a tag line for their ""Essentials"" brand, ""Quality you'd expect, at prices you wouldn't"".

My local one has displayed this next to their butter, as it has gone Â£1.50 - Â£1.60 - Â£1.75 - Â£2.00 - Â£2.20 in very short order.",0.0,1.0,0.0
117,Waitrose,2022-09-16 09:03:46+00:00,Jane_Doyle_EJD,England,@Baskerville448 And you are right! Waitrose for main shopping and Tescos for emergencies and top ups as it's a tiny one and very close by!,0.0,0.906,0.094
118,Waitrose,2022-09-16 09:03:24+00:00,individualmind8,,@JackSGAshton @bobduff800 @Morrisons @asda @Tesco @waitrose @Primark @GreggsOfficial To be fair that screen shot talks about time off and not being paid. Two different things as you could be contracted to work that day hence no time off but you would get paid extra because itâ€™s a bank holiday,0.031,0.869,0.1
119,Waitrose,2022-09-16 09:03:15+00:00,NigeWhite, UK,@man_in_waitrose @SamanthaTaghoy Don't talk total rubbish!,0.0,1.0,0.0
120,Waitrose,2022-09-16 09:02:28+00:00,Sal_Photo,"Cornwall, UK",@stacey_guthrie Waitrose Duchy Organics surely,0.0,0.58,0.42
121,Waitrose,2022-09-16 09:01:18+00:00,BoojaBooja,"Norwich, England","There's 20% OFF three of our most irresistible ice cream flavours at Waitrose &amp; Partners right now. Time to fill up your freezer perhaps?

#BoojaBooja #Vegan #Organic #DairyFree #IceCream #GlutenFree #SoyaFree #FreeFrom #dairyfreeicecream #veganicecream #OrganicSeptember https://t.co/qmFuQQtZPl",0.0,0.929,0.071
122,Waitrose,2022-09-16 08:57:17+00:00,sidcot,"Bath, England",@Aquaesul @BathEcho Waitrose is a business and is an employer so who cares? Bath is all about the 5% these days under LibDem ruleâ€¦,0.0,0.87,0.13
123,Waitrose,2022-09-16 08:56:17+00:00,Pictish_Paint,"Elgin, Moray","@TreborRhurbarb Tbh, no idea, I expect she won't be stuck for the food shop nowadays, but does she dare use a, waitrose lol",0.062,0.74,0.198
124,Waitrose,2022-09-16 08:56:15+00:00,DrJanet_A_Ward,These are personal comments.,Anyone else having problems signing on to @waitrose online shopping today. I had trouble on Monday too but there is an error message today...,0.266,0.734,0.0
125,Waitrose,2022-09-16 08:55:14+00:00,48Flat,,waitrose! my love! my beans...,0.0,0.455,0.545
126,Waitrose,2022-09-16 08:53:54+00:00,JackSGAshton,"Scarborough, England",@bobduff800 @Morrisons @asda @Tesco @waitrose @Primark @GreggsOfficial I'm asking a question based on what Sainsbury's reportedly told staff. You however have changed your argument after I showed you you are not automatically entitled to extra bank holidays.,0.111,0.822,0.067
127,Waitrose,2022-09-16 08:52:32+00:00,DeliciousDarth,,"@man_in_waitrose @SamanthaTaghoy Correct me if Iâ€™m wrong, but donâ€™t they turn over 100% of profits in exchange for 25% back in funding? Thatâ€™s a 75% tax rate, not a gift.",0.152,0.735,0.113
128,Waitrose,2022-09-16 08:51:21+00:00,bobduff800,,@JackSGAshton @Morrisons @asda @Tesco @waitrose @Primark @GreggsOfficial Tesco have a Union agreement with USDAW. As do all the main supermarkets.  You're digging for problems that don't exist.,0.09,0.803,0.107
129,Waitrose,2022-09-16 08:49:32+00:00,Tom32156Phil,chorley,@man_in_waitrose @SamanthaTaghoy What about Crown Estates Plc turning over all its profits to the UK Govt ?,0.0,0.838,0.162
130,Waitrose,2022-09-16 08:48:54+00:00,pencilrobot,,Taking a break doesnâ€™t have to require deep pockets. One of a series of illustrations in the latest issue of Waitrose magazine. #illustration https://t.co/Ki3fgpasy4,0.0,1.0,0.0
131,Waitrose,2022-09-16 08:47:06+00:00,billtully,"Scotland , Europe ","@man_in_waitrose @grahamlaurie1 @SamanthaTaghoy ""Untold wealth of its own "", MUCH of it at the expense of the taxpayer .",0.0,0.842,0.158
132,Waitrose,2022-09-16 08:45:20+00:00,minimooey,,@Maxaretunit @jazmak99 @witherjay1 Ooh I love a Waitrose whoopsie yanno,0.0,0.625,0.375
133,Waitrose,2022-09-16 08:43:58+00:00,Maxaretunit,,@minimooey @jazmak99 @witherjay1 Itâ€™s got a Waitrose you know?,0.0,1.0,0.0
134,Waitrose,2022-09-16 08:41:21+00:00,sirsfurther,,"Friendship ended with Graham's Jersey Milk, Waitrose whole milk from Ayrshire cows is now my best friend",0.0,0.576,0.424
135,Waitrose,2022-09-16 08:40:30+00:00,ssjjmm00,"England, United Kingdom",@man_in_waitrose @SamanthaTaghoy @man_in_waitrose why donâ€™t you b*gger off to an EU country if you donâ€™t like it! Most of the UK loves the Monarchy remember.,0.0,0.78,0.22
136,Waitrose,2022-09-16 08:36:48+00:00,jockywocky,Norwich UK,@RobinNCST @steakokidney Iâ€™m going to Waitrose at 2pm on Sunday to get the deals!,0.0,1.0,0.0
137,Waitrose,2022-09-16 08:25:30+00:00,Spanglish51,Cartagena & Buxton,@jeffpovey It will prepare people for the miserable winter to come â€¦. Sustained only by King Charles filling his face with organic produce. His Waitrose Deliveries will also be steamed to a hungry nation . As long as heâ€™s happy â€¦,0.075,0.839,0.086
138,Waitrose,2022-09-16 08:25:05+00:00,trevk37,"Littlehampton, UK","@Jimbokav1971 Haha nothing wrong with Aldi, price of shopping comparison with say Waitrose was my point. We're going there for the win.",0.0,0.67,0.33
139,Waitrose,2022-09-16 08:23:51+00:00,lewyitfc,Ipswich,Lovely move by @waitrose in Ipswich to have an NHS Paramedic seating area with snacks for themâ€¦ nice idea.,0.0,0.72,0.28
140,Waitrose,2022-09-16 08:23:07+00:00,RuthieR,Leicestershire,@man_in_waitrose Like a back-up,0.0,0.444,0.556
141,Waitrose,2022-09-16 08:21:17+00:00,JuniexD,Clare Ireland,@Kaitlin28xo In fairness Dunnes looks like itâ€™s wanting to compete with Waitrose ğŸ˜‚ fancy fancy,0.0,0.839,0.161
142,Waitrose,2022-09-16 08:19:18+00:00,alexgrantuk,"Cardiff, UK","@ThePollitt @denialvibes Oh I love popping into Waitrose in mine, full of car seats, hand prints all over the windows, filthy bodywork, exhaust dragging over the metal teeth of their one-way speed bump. Especially if Iâ€™ve got the kids, then I can park it it in the parent bays right out front. ğŸ¤˜",0.039,0.83,0.131
143,Waitrose,2022-09-16 08:19:17+00:00,BollyandJack,,"@Jbeardmore @premrugby Imagine any other industry where the decision making process for the organising body was subject to approval by competing companies.  Tesco, Sainsburys, Aldi, Lidl, Morrisons, Asda, M&amp;S and Waitrose all had to agree on opening hours over Xmas.",0.0,0.872,0.128
144,Waitrose,2022-09-16 08:15:44+00:00,simonjansen,"Higham Ferrers, Northants","I think @waitrose needs to rethink the sizing/shaping of these paper bags, thereâ€™s not mushroom for these lovely Portobello mushrooms! ğŸ˜‰ #DadJoke https://t.co/gvsJgv1c0I",0.0,0.83,0.17
145,Waitrose,2022-09-16 08:11:44+00:00,stuartromsey,Romsey,@waitrose Yesterday. Why just #Romsey? https://t.co/xVWMCedaK8,0.0,1.0,0.0
146,Waitrose,2022-09-16 08:07:57+00:00,warmblood,Sussex. UK ,"@waitrose customer training needed asap for managers â€œ you alrightâ€ as initial greeting is NOT ok. Then launching a defence, what happened to customer is right principle?",0.068,0.789,0.143
147,Waitrose,2022-09-16 08:04:35+00:00,JackSGAshton,"Scarborough, England",@bobduff800 @Morrisons @asda @Tesco @waitrose @Primark @GreggsOfficial https://t.co/VXgfg9Tttj https://t.co/0gKSSjGRsW,0.0,1.0,0.0
148,Waitrose,2022-09-16 08:01:04+00:00,PhiltheFlipper,,"Through Westminster 4 times later today.
It's like Waitrose has remade Saving Private Ryan there...",0.0,0.839,0.161
149,Waitrose,2022-09-16 08:00:29+00:00,beaumondhouse,"Newark, Nottinghamshire","Shouting out a huge thank you 

Sainsbury's  at Balderton
SPAR Newark    
Morrisons Newark 
Waitrose &amp; Partners 

For kindly donating refreshments for our volunteers for the Newark Dragon Boat Festival this Sunday ğŸ¥°

@CBereavementC https://t.co/JVGiBFL5NA",0.0,0.714,0.286
150,Sainsburys,2022-09-16 09:34:26+00:00,trishaashley,"North Wales, UK","You can find the new edition in Sainsburys, Asda and Morrisons!  Tell me if you spot it.  Every Woman For Herself: The hilarious romantic comedy from the Sunday Time... https://t.co/vAYZh23lWk via @AmazonUK",0.0,0.78,0.22
151,Sainsburys,2022-09-16 09:30:27+00:00,sainsburys,UK,"@alicebarrettx Hey Alice, without a receipt any exchanges would be at the discretion of the store. Thanks, Beth",0.0,0.847,0.153
152,Sainsburys,2022-09-16 09:29:36+00:00,Felstedboy,felsted essex,@tbhaarlem @sainsburys Exactly,0.0,1.0,0.0
153,Sainsburys,2022-09-16 09:29:21+00:00,rockmeamadeus6,,@sainsburys  Can you please advise who I can contact as additional bonus points for spe ific items are not being credited to me even though I save the offers when they come in. This is the 2nd time this has happened when I'm making online orders. Not great service levels.,0.094,0.749,0.157
154,Sainsburys,2022-09-16 09:26:33+00:00,tweetsimonm,"Wendover, England",@sainsburys 1010 this morning. More have now opened.,0.0,1.0,0.0
155,Sainsburys,2022-09-16 09:25:30+00:00,sainsburys,UK,"@cina___ Hi. I'm sorry about the different use by dates. Can you DM using the link below a pic of the barcode from the packaging? Can you also tell me which store you purchased it from please? I'll assist you further. Thanks, Angela. https://t.co/MdMtnTlX6H",0.028,0.854,0.119
156,Sainsburys,2022-09-16 09:24:02+00:00,esiotrot54,UK,@sainsburys appalling that despite promising to do so nobody got back to me to explain why my Â£12 online voucher not honoured- absolutely appalling from a so called reputable retailer,0.283,0.717,0.0
157,Sainsburys,2022-09-16 09:22:33+00:00,tbhaarlem,Down South,"@Felstedboy @sainsburys It's closing another opportunity for older people to have a chat with someone which could cause more anxiety, loneliness &amp; depression. I don't like it.",0.323,0.594,0.083
158,Sainsburys,2022-09-16 09:18:09+00:00,drtorhumphreys,Dorset,@lisadwilkins11 Yes!!! My Sainsburys bag of tangerines would not be defined by age: no use by date!,0.104,0.712,0.184
159,Sainsburys,2022-09-16 09:16:14+00:00,sainsburys,UK,"@tweetsimonm HI Simon. I'm sorry about the lack of manned checkouts in store. Can you tell me what time you visited please? I'll assist you further. Thanks, Angela.",0.11,0.732,0.159
160,Sainsburys,2022-09-16 09:16:04+00:00,sainsburys,UK,"@acey2016 Hi there, thanks for getting in touch! Unfortunately we don't have an email address to provide for those stores. Can you DM us using the link below with more information? I'll look into this for you. Natasha https://t.co/MdMtnTlX6H",0.056,0.869,0.075
161,Sainsburys,2022-09-16 09:15:40+00:00,cina___,"London, England",@sainsburys can you explain why this houmous expiry date is different on the cardboard and plastic. Hopefully it is ok as already given it to my daughter in her packed lunch ğŸ˜¡ https://t.co/1JrHYOAu3e,0.0,0.86,0.14
162,Sainsburys,2022-09-16 09:15:24+00:00,tweetsimonm,"Wendover, England",Just one staffed checkout this morning at your Aylesbury store @sainsburys is a terrible customer experience!,0.195,0.805,0.0
163,Sainsburys,2022-09-16 09:14:14+00:00,Prog_Greetings,"London, England","Grab a @GCAUK conference ticket quick! Places selling fast for annual event featuring Graduate Open Call selection and key industry issues
@cardfactoryplc @Cardzoneltd @HallmarkUKI @houseofcardsuk @MoonpigUK @sainsburys 
https://t.co/8uYe6SQz9U",0.0,1.0,0.0
164,Sainsburys,2022-09-16 09:12:29+00:00,lawes7878,,@Sainsburys_Bank Thanks! Good to know you know there is an issue ğŸ‘,0.0,0.596,0.404
165,Sainsburys,2022-09-16 09:12:03+00:00,muskita0,,@sainsburys Just done it. Pls confirm you got it?,0.0,0.86,0.14
166,Sainsburys,2022-09-16 09:11:54+00:00,acey2016,United Kingdom,"@sainsburys hi can you please provide an email address for the Exeter Pinhoe and Alphington stores please, I would like to speak with their community champions.",0.0,0.667,0.333
167,Sainsburys,2022-09-16 09:11:32+00:00,ElaineWBailey,"London, SW",@sainsburys Only works if the store has WiFi. Try the back of the shop at Sainsburyâ€™s Silk Mill superstore Streatham. Hopeless! PS. Wonky trolleys need throwing out too. ğŸ˜¡,0.109,0.891,0.0
168,Sainsburys,2022-09-16 09:11:31+00:00,Niki44,,@AbarthRocket595 @ItImnot Gaspppppâ€¦ off to sainsburys!!!,0.0,1.0,0.0
169,Sainsburys,2022-09-16 09:11:05+00:00,SJTaylorrh42ld,Probably stomping up a hill,"@Sainsburys_Bank 

Good morning.   Cant logon online, cant get through on the phone.   Is there a problem?",0.145,0.699,0.156
170,Sainsburys,2022-09-16 09:09:59+00:00,JasonBourne6902,,@Sainsburys_Bank online banking or app not working!,0.0,1.0,0.0
171,Sainsburys,2022-09-16 09:08:32+00:00,Meatlegs1,Scotland,"@sainsburys You and Tesco do this ""Aldi price match"" thing and it just makes me think ""Why don't I just shop at Aldi?""",0.0,1.0,0.0
172,Sainsburys,2022-09-16 09:08:26+00:00,_dreamer_,Bristol,"I had to throw away the pears from lidl, the peaches from the greengrocers and the plums from sainsburys... At least I could juice the oranges. Is anyone else struggling to find edible fresh fruit? I'm not very picky, but this seems to have gotten worse and worse.",0.189,0.78,0.031
173,Sainsburys,2022-09-16 09:06:50+00:00,Papa_Ganoosh,Johnsonâ€™s Dystopia ğŸ‡¬ğŸ‡§,@Sainsburys_Bank Waht's going on with your credit card log-in? Been trying all morning - PC and iphone app.,0.0,0.86,0.14
174,Sainsburys,2022-09-16 09:04:02+00:00,Felstedboy,felsted essex,@tbhaarlem @sainsburys I wont use the self checkouts,0.0,1.0,0.0
175,Sainsburys,2022-09-16 09:03:45+00:00,sainsburys,UK,@maureen_sharkey Thank you Maureen. I've fed this back to the relevant teams to make sure this is dealt with internally. If you need anything else then feel free to contact us. Take care and have a great day. Kyle,0.0,0.682,0.318
176,Sainsburys,2022-09-16 09:00:57+00:00,lambchop999,,"@DebraBe16141698 When I was young adhd didnâ€™t exist. Llosa weâ€™re just labeled hyper or naughty. So much has changed though. Lack of police presence, lack of respect for authorities because nothings done about things. When he jumped out of my car and run away to sainsburys I marched him back there",0.086,0.857,0.058
177,Sainsburys,2022-09-16 08:58:30+00:00,maureen_sharkey,Paisley,@sainsburys You didn't have any open.,0.0,1.0,0.0
178,Sainsburys,2022-09-16 08:56:40+00:00,sainsburys,UK,"@Kab713 Hey, sorry about the issues with SmartShop in the store! I've fed this back to the relevant teams to look into internally, they'll review these issues and take the appropriate action going forward. Take care! Daniel",0.032,0.873,0.094
179,Sainsburys,2022-09-16 08:55:30+00:00,maureen_sharkey,Paisley,@sainsburys Braehead,0.0,1.0,0.0
180,Sainsburys,2022-09-16 08:55:12+00:00,maureen_sharkey,Paisley,@sainsburys I'm just out of the store. I like to support the workers.,0.0,0.658,0.342
181,Sainsburys,2022-09-16 08:54:00+00:00,Kab713,Oxfordshire,"@sainsburys It never works in Banbury. Stops working half way round the shop. Wi-Fi issue? Also, for this to be easier you need to put the barcode on the front of the item, so we can scan it easily, instead of grappling around one handed looking for it with phone in the other hand.",0.027,0.833,0.14
182,Sainsburys,2022-09-16 08:53:55+00:00,sainsburys,UK,@maureen_sharkey Hi Maureen. I'm so sorry we don't many checkouts open at this time. Can you confirm the time and the store this was in please? Kyle,0.06,0.861,0.079
183,Sainsburys,2022-09-16 08:52:23+00:00,sainsburys,UK,@tbhaarlem Thanks! I've fed this back to the management team in store to look into internally and improve this going forward. Take care! Daniel,0.0,0.687,0.313
184,Sainsburys,2022-09-16 08:50:56+00:00,maureen_sharkey,Paisley,@sainsburys what have you done with your checkout staff? Bullying  into using self #checkouts. Disgraceful. https://t.co/M3VYBJOdNW,0.206,0.794,0.0
185,Sainsburys,2022-09-16 08:48:36+00:00,tbhaarlem,Down South,@sainsburys Hi Daniel it's the branch at Birch Hill in Bracknell.,0.0,1.0,0.0
186,Sainsburys,2022-09-16 08:48:30+00:00,sainsburys,UK,"@M1k3y_G_42 Unfortunately we don't have a record of these however my colleague has advised you correctly, they can take up to 28 days to appear. Daniel",0.091,0.909,0.0
187,Sainsburys,2022-09-16 08:47:43+00:00,mattsr1980,Edinburgh,@Sainsburys_Bank @DonnaBeamish Whatâ€™s the current hold time @Sainsburys_Bank because I am currently sitting at 45 mins?,0.0,1.0,0.0
188,Sainsburys,2022-09-16 08:45:51+00:00,mattsr1980,Edinburgh,@Sainsburys_Bank might be the worst finance company I have ever dealt with full stop.,0.364,0.636,0.0
189,Sainsburys,2022-09-16 08:43:32+00:00,sxp_hie_,20 | she/her | ru :3,"time to drink a monster so i can nap ğŸ˜´ 

oh, and i finally fucking left sainsburys ğŸ¥¹",0.0,1.0,0.0
190,Sainsburys,2022-09-16 08:42:54+00:00,M1k3y_G_42,"Oxford, England",@sainsburys Do you keep a record of what offers were present at the time? They normally come on within 24 hours so just wondering,0.0,1.0,0.0
191,Sainsburys,2022-09-16 08:41:44+00:00,sainsburys,UK,@Rose83OConnor Hi Rosemarie! I'm very sorry for the trouble with your order. Our Food to Order team can help on 0330 123 1129. Give them a call and they can help further. Martina,0.113,0.737,0.15
192,Sainsburys,2022-09-16 08:41:20+00:00,lawes7878,,"@Sainsburys_Bank are you aware your website says bad gateway and won't allow logging into accounts, says issue please call us? #customerfeedback",0.203,0.707,0.09
193,Sainsburys,2022-09-16 08:40:53+00:00,Rose83OConnor,Birmingham UK,"@sainsburys Terrible customer service yet again - foodto go ordered in August, email confirming delivery to store, arrived and no food! Still trying to chase refund, staff rude - have ended call on four occasions, no resolution and keep calling - not sure what more I can now do??",0.247,0.753,0.0
194,Sainsburys,2022-09-16 08:40:33+00:00,somehumantrash,he / they | autistic ,me when im visibly autistic in the sainsburys superstore,0.0,1.0,0.0
195,Sainsburys,2022-09-16 08:39:30+00:00,SusanWa88401074,"Fenwick, Scotland",@Sainsburys_Bank Are you broken today? I can't login online via browser or mobile banking app.,0.193,0.807,0.0
196,Sainsburys,2022-09-16 08:36:27+00:00,SarahWells_,Swindon,@sainsburys is there a problem with the banking app this morning? Canâ€™t log on; and when I try the website it says my details are not correct? https://t.co/BJEiVHcx9k,0.109,0.891,0.0
197,Sainsburys,2022-09-16 08:34:55+00:00,MichalZielins19, Kazakhstan,"@Svaarth A zwrÃ²ciÅ‚eÅ› uwagÄ™,Å¼e w angielskich supermarketach jest coraz mniej miÄ™sa? Przynajmniej w moim rejonie Tesco,Asda i Sainsburys strasznie puste ostatnio w tym dziale. JakieÅ› sojowe,kukurydziane gÃ²wno to tak ale prawdziwego miÄ™sa jak na lekarstwo.",0.0,1.0,0.0
198,Sainsburys,2022-09-16 08:30:57+00:00,CMJ998D,,"@TransportForWM This is the screen in oldbury outside sainsburys ( Halesowen street) screen cracked itâ€™s in need of a paint job and the screen stays on Transport for WM , for ages and only showing the bus times for a few seconds ) can this be fixed  , Thankyou https://t.co/zV8WS0244E",0.0,1.0,0.0
199,Sainsburys,2022-09-16 08:24:31+00:00,harboureb,,@C20Society Teletubby sainsburys as friends of mine called it,0.0,0.721,0.279
200,Tesco,2022-09-16 09:36:26+00:00,Isobel_waby,Paradise is Menton France,"Honest Decent people have had enough of this slavery of underpayment of workers who are entitled to a decent wage, as companies like Tesco et al brag about their profits the workers have to rely on handouts.. it is slave labour. making the fat cats rich whilst the poor get poorer https://t.co/0exOfoIqQx",0.165,0.625,0.209
201,Tesco,2022-09-16 09:36:21+00:00,trishaashley,"North Wales, UK",The new edition paperback is currently in Asda and Tesco!  The Little Teashop of Lost and Found by Trisha Ashley https://t.co/OMWS5bk5DF via @AmazonUK,0.096,0.904,0.0
202,Tesco,2022-09-16 09:36:03+00:00,Hisnameispete,,@Tesco this new self service queuing at Osterley is insanely bad. Trollies queuing into the aisles everywhere. Half the tills closed. I've spent more than half my time here in the queue. Who made this decision?,0.091,0.909,0.0
203,Tesco,2022-09-16 09:36:02+00:00,KevinDann,UK bit with twisty roads ğŸ‡¬ğŸ‡§,@ste_peno @highwaylass So far Iâ€™ve found Tesco lodge a 1p transaction until the actual amount comes through.,0.0,1.0,0.0
204,Tesco,2022-09-16 09:34:11+00:00,Higster132,United Kingdom (NI),@sophielouisecc Construction workers where also working doing Amazon and Tesco projects.,0.0,0.855,0.145
205,Tesco,2022-09-16 09:33:03+00:00,mediasave,,"@InPostUK Your lockers are full as they are not being emptied, my parcel has been in the locker at Tesco S36 since Monday! My customer is now desperate for his order and it hasn't even moved! Why are they not being emptied?",0.051,0.868,0.081
206,Tesco,2022-09-16 09:32:28+00:00,Edinburghgurl,Scotlands Capital City,@Ruthprowton1 @JamTarts I am so happy that's me in a very good mood at work later on in Tesco Hermiston Gait hehe ğŸ‡±ğŸ‡»ğŸ‡±ğŸ‡»ğŸ˜€ğŸ˜€â¤ï¸â¤ï¸ğŸ¤—ğŸ¤— xxxxx,0.0,0.716,0.284
207,Tesco,2022-09-16 09:31:02+00:00,RichmondRadio,London Yorkshire North East UK,"Tesco in Catterick Garrison has cordoned off an area of its car park for customers to leave floral tributes to the Queen.

The store said in a statement it had created a designated area for those who would like to leave flowers for Her Majesty
https://t.co/XsjsiCNXV6 https://t.co/Edn6zcXcLR",0.05,0.856,0.094
208,Tesco,2022-09-16 09:31:00+00:00,uncseh,,Tegnap este tesco session utan lerobbant 1liter jack denielsz gecinxddddx,0.0,1.0,0.0
209,Tesco,2022-09-16 09:30:32+00:00,Ajarncom,Thailand,I shall certainly be slipping in half a dozen cans of shaving gel and anti-perspirant though. That's well worth the effort. It's worth mentioning though that Aldi and Lidl are cheaper than Tesco but I still can't be bothered with lugging back food this time around.,0.0,0.816,0.184
210,Tesco,2022-09-16 09:30:15+00:00,Tesco,United Kingdom,"@MattBrownrigg20 Hi Matt, can you please DM me more details regarding this so I can look into this? Can you please include which store this was and the date and time of your visit. Thanks - Andrew",0.0,0.81,0.19
211,Tesco,2022-09-16 09:30:05+00:00,TheEastEndPoet,"London, England",@RussellKane @Tesco https://t.co/jk6igjUneb,0.0,1.0,0.0
212,Tesco,2022-09-16 09:29:45+00:00,NeutralNobody,He/Him Ireland,"For the record I do not hang out in tesco bathrooms with old men, lies https://t.co/7vJYKk8MQO",0.167,0.833,0.0
213,Tesco,2022-09-16 09:29:22+00:00,leahcuerden1,"Bromley, London",Making the conscious decision to not go anywhere near London this weekend. Going to Tesco and thatâ€™s it folks.,0.0,1.0,0.0
214,Tesco,2022-09-16 09:28:13+00:00,Edgar15504327,Ireland,@ZoeConwayfiddle Tesco salmon with Maize and vegan mayo+iceberg. https://t.co/YWVcobyYdD,0.0,1.0,0.0
215,Tesco,2022-09-16 09:28:06+00:00,HFC_sw20,"South West, England","@Tesco not only are you making everything more expensive but you also appear to be removing country of origin from descriptions on meat packaging, as well as british flags on british meat! iâ€™m appalled, consumers have the right to choose what country their meat was produced in! https://t.co/IdyQYXDJh9",0.086,0.864,0.05
216,Tesco,2022-09-16 09:27:04+00:00,Ajarncom,Thailand,"Just done an hour in a Tesco supermarket. I used to marvel at the difference between UK and Thai supermarket prices but the gap has narrowed considerably. In fact, I won't be bringing back any foodstuffs for my own consumption. That's certainly a first.",0.0,0.884,0.116
217,Tesco,2022-09-16 09:26:07+00:00,AGODDAMNHORSE,,"I can't believe I just paid 50p for air for my tyres at @Tesco, it was 20p in my day! I guess that's #inflation for you.",0.0,1.0,0.0
218,Tesco,2022-09-16 09:25:07+00:00,fraz_mckinstry,Kilmarnock,"@Tesco Iâ€™ve sent you this - but, surprise, surprise - Napkins in store!!! What a joke!!",0.0,0.519,0.481
219,Tesco,2022-09-16 09:24:28+00:00,RussellKane,London UK,"@TheEastEndPoet Mate, you're only going to @Tesco. Can't you use shopping bags like the rest of us?",0.0,0.865,0.135
220,Tesco,2022-09-16 09:24:15+00:00,hypomania1967,,Getting some disgusted looks in Tesco this morning in my Celtic trackiesâ€¦â€¦â€¦â€¦..or it could have been because I had converted them into chaps for ventilation.,0.129,0.871,0.0
221,Tesco,2022-09-16 09:24:11+00:00,DotLepkowska,,@joelymack This really grinds my gears. I had the same in Tesco last week. I was in a rush to an appointment and they were chatting without a care and kept apologising for holding the line up. It's also why I use the self-service tills if in a hurry.,0.059,0.915,0.027
222,Tesco,2022-09-16 09:24:05+00:00,agree2disagre12,,@BBCBreakfast @nadhimzahawi Are these the same people who complain about the queues at Tescoâ€™s because of a lack of check outs being open? Just asking,0.179,0.821,0.0
223,Tesco,2022-09-16 09:23:00+00:00,Raraiqiee,"Bayan Lepas, Penang","I'm at Lotus's (formerly Tesco Extra) in Gelugor, Penang https://t.co/9mKGAvrtkI",0.0,1.0,0.0
224,Tesco,2022-09-16 09:22:48+00:00,boylesarah900,,. @Tesco Stop Replacing People by Machines #BringBackTescoStaff #TescoVeryLittleHelps - Sign the Petition! https://t.co/548PqM03S7 via @Change,0.161,0.839,0.0
225,Tesco,2022-09-16 09:22:35+00:00,MattBrownrigg20,"Aintree, England",@Tesco you need to decide whether Iâ€™m welcome in your shop with my dog or not.,0.0,0.833,0.167
226,Tesco,2022-09-16 09:22:05+00:00,ElaineChough,"Heswall, Wirral","Where are the watermelons @Tesco?! I adore them, and Theodora is allowed some as a treat on Saturdays, but there have been none to be seen for many a week in your #heswall store! A Galia, Canteloupe or Honeydew simply will not cut the mustard in our household #melons",0.0,0.828,0.172
227,Tesco,2022-09-16 09:20:52+00:00,joelymack,"Livingston, Scotland, UK","I hate queues. Last week in Tesco I angrily took all my shopping back off the conveyor belt and put it back in my trolley, because the cashier spent 20 minutes talking to the customers she was serving. Does this mean Iâ€™m not British? 
#TheQueue",0.137,0.863,0.0
228,Tesco,2022-09-16 09:20:17+00:00,Tesco,United Kingdom,"@crispy_squirrel Hi There, Thanks for getting in touch, and I'm really sorry you have been unable to get on to our Real Food recipe page. I can advise that our support team are aware of this and have had this highlighted for this to be fixed ASAP. I hope this helps. Thanks - Scott",0.026,0.738,0.236
229,Tesco,2022-09-16 09:20:13+00:00,SpottedHQ,United Kingdom,"Woohoo ğŸ¥³ iPhone day! 

Tesco: https://t.co/SI5afCEuSF
Amazon: https://t.co/kd1A6mebRq
Sky Mobile: https://t.co/8cLrcPZ7Af
EE: https://t.co/RS9HrCXiwa
Vodafone: https://t.co/eArC3N3ypX
Three Mobile: https://t.co/X7vGUD2CzS

#iPhone14Pro #iPhone14ProMax #iPhone14Series #iPhone",0.0,0.782,0.218
230,Tesco,2022-09-16 09:20:06+00:00,footybhoy,Glasgow / Edinburgh ,"@sophielouisecc Do you really understand what youâ€™ve just tweeted, Sophie? A Tesco worker is NOT under the same pressure as a NHS worker. I have several family members come home each day exhausted and youâ€™re spouting this over the internet?",0.126,0.874,0.0
231,Tesco,2022-09-16 09:19:38+00:00,Tesco,United Kingdom,@hbroadhead94 Please bear with me while I query this - Ryan,0.0,0.777,0.223
232,Tesco,2022-09-16 09:19:15+00:00,UnderArmAussie,,"The #Royal food. With champagne from Tesco!

https://t.co/KF36O7fsbC",0.0,0.737,0.263
233,Tesco,2022-09-16 09:18:51+00:00,solihullbites,"Solihull, England",Meet me. Please. With your glasses on â€” Meet me at back of Tesco  https://t.co/MHDzQzyfrv,0.0,0.85,0.15
234,Tesco,2022-09-16 09:18:47+00:00,DeclanLyne,"Killarney/Cork, Irelan ","Any body else thank the person at the self help checkout in Tescoâ€™s? I always do, Even though when I asked for a bag she just grunted and pointed to the end of the row and for me to get it myself #Tescoâ€™s",0.0,0.88,0.12
235,Tesco,2022-09-16 09:18:03+00:00,audrocur,"Gaylord, MI",@EksieKitchin Much bigger than I remember tesco being. You can also buy coffins and tyres and 5 foot tall teddy bears here,0.0,1.0,0.0
236,Tesco,2022-09-16 09:17:37+00:00,biggestbux,,"the same customer who hangs out in the tesco bathrooms with old men, just told me that he got paid with a set of anal beads to orgasm into a microphone yesterday",0.0,1.0,0.0
237,Tesco,2022-09-16 09:16:41+00:00,HenryGale1121,,"@AnthonyStoker13 @MaizyDaizyZzzz @mat_rosey @latimeralder My Great Uncle visits his local Tesco everyday at 8am

He chats to the staff who all know his name. He's often not even buying anything. He just wants conversation

The effects of the last 3 years on our older generation is something I can't even comprehend without getting angry",0.0,0.88,0.12
238,Tesco,2022-09-16 09:16:22+00:00,EksieKitchin,Interior girl in an interior world,@audrocur Thank you for your faith. Is Costco like Tesco?,0.0,0.473,0.527
239,Tesco,2022-09-16 09:15:57+00:00,swan1one,,Are Tesco going to be selling stab-vests soon and if so will they be on club points,0.0,1.0,0.0
240,Tesco,2022-09-16 09:13:55+00:00,Tesco,United Kingdom,"@Lewisthedrummer Hi Lewis. I'm so sorry. Please DM me with the full name, email address, store bought, date/time bought, price paid, clear image of date code and full receipt. - Regards, Raza https://t.co/py5Z991Bme",0.048,0.807,0.144
241,Tesco,2022-09-16 09:12:46+00:00,Maryknowsbees,"Dublin City, Ireland",Well deserved...such a great organisation @FoodCloud ...great to see in my local Tesco express the food being boxed up to go to good use and not chucked in the bin... https://t.co/un60ax4nco,0.0,0.748,0.252
242,Tesco,2022-09-16 09:10:52+00:00,RMulherine,"England, United Kingdom",@MatthewStadlen Where? I didn't see any in Tesco earlier?,0.0,1.0,0.0
243,Tesco,2022-09-16 09:10:50+00:00,mskatestafford,"London, England","@ahanddavis When Diana died, a young chap on Tesco checkout could not believe I was going ahead with my 4 year oldâ€™s birthday celebrations on the day of the funeral. Pretty sure Diana would not have wanted to spoil a kidâ€™s birthday, but I was still subjected to spotty youthâ€™s disapproval!",0.087,0.838,0.075
244,Tesco,2022-09-16 09:10:47+00:00,triggathe24,Jagaville,Stop swearing on your nan. Someone Nan just collapsed in big Tesco,0.412,0.588,0.0
245,Tesco,2022-09-16 09:09:27+00:00,RebbelCrow,,"@ThisIsntNath @REALMizkif Tesco staff be like...""oh this guy again""",0.0,1.0,0.0
246,Tesco,2022-09-16 09:08:54+00:00,LFJIreland,Ireland,"The Petition has been signed by almost 237'000 people which demonstrates a groundswell of support:

https://t.co/C0shkl5Pfo

If more &amp; more people refuse to use self service checkouts it will put pressure on stores such as Tesco to bring back more manned tills.",0.103,0.837,0.059
247,Tesco,2022-09-16 09:08:32+00:00,Meatlegs1,Scotland,"@sainsburys You and Tesco do this ""Aldi price match"" thing and it just makes me think ""Why don't I just shop at Aldi?""",0.0,1.0,0.0
248,Tesco,2022-09-16 09:08:19+00:00,emma_ayton,croydon,Done my good deed for the day there was an old lady in Tesco who didnâ€™t have a Â£1 so I got my purse out &amp;gave her a Â£1 she was so grateful &amp;said I had made her day then asked for my details to give me back the Â£1 I told her to keep it &amp;make sure she has a good day. bless her ğŸ˜‡,0.0,0.785,0.215
249,Tesco,2022-09-16 09:07:53+00:00,MrMJW86,"Manchester, England","@mouldyscone Yeah, that's annoying when it goes up like that. Have you tried the supermarket one's.. ASDA &amp; Tesco.",0.115,0.684,0.201
